name,input_hex,expected_hex
empty,,9eea8c5462d53a06c72dc0a33b8ccd7cfd4a1ac0d5e3ee5e294c2a290fc9a722
one_word,68656c6c6f,ed13d14e7a15c91287eefd167244c1dc11961cffa7f7392666b00316d26be854
two_words,68656c6c6f20776f726c64,ed13d14e7a15c91287eefd167244c1dc11961cffa7f7392666b00316d26be854
three_words,616c70686120626574612067616d6d61,584dabc81f277be9a34f9d0c30cc545edb2d2abbb4b19748024e0313afa64520
four_words,616c70686120626574612067616d6d612064656c7461,dbdfabfebfb77bfdb3efdd2ffdcd5edeffbdeebbb4f7ff697edf3bf7ffafcfa9
case_punctuation,48654c4c6f2c20574f524c442121212068656c6c6f20776f726c64,7fdad9fd77476bf1ffdbdf5bf7e9aff7fdff7cdfdfbbfbdce69f9ffdfab9ffff
newlines_tabs,2020416c7068610909426574610a0a47616d6d6120200d0a2044656c7461200a,dbdfabfebfb77bfdb3efdd2ffdcd5edeffbdeebbb4f7ff697edf3bf7ffafcfa9
repeated_words,776f726420776f726420776f726420776f726420776f7264,74e8fc0ba6ebeabb87e2a12d077b7fb2f50a245551b3eec5c8a60ba83f2571b0
non_ascii_separators,ff20436166c3a9208081203432,40676b229eece570de9454228d9394902a94fbe10dccae91ddd2bfcd474839ff
