id,type,tag_hex
enron_full_000202,text,92f45bb6c40b16eca07acaf757a3a2a84b7fb00e929b2a4aaede371ab255903c
enron_full_000664,text,2e3794bca70f8218e8f0a0f53dca1305f0e212a71108aa9b950546f5111d90b0
enron_full_001289,text,e4a8a54bdcac83ad1c7c6aabff0cef50b3aad0ab5b9e7f85659147afed5e7eef
enron_full_001379,text,ef476d2d7a73dfc446549de2df1a739b5a163c9e8c707d29a644c1eb1578c2a5
enron_full_001488,text,d626bce029a1ba6810733076cfe6207ddf1ddab5a7f836bfd1b4e51e39e48ed8
enron_full_001525,text,d47f3781250f2dbe0e320eab93556a909904d2002bc38ce4038d6b12dd62cbab
enron_full_002220,text,cb66ffba9f5cdaf3feedb27d3bdfca3de0b04bfdd775775ee6d7f3dfd8dfafd1
enron_full_004616,text,8ede2363c5db4464b7f398b310cf8ff8eb1890f2d4e0d799c1d4543ca4e4b842
enron_full_005913,text,bd0662a8102e82ed220654177d7357346b7a6dbf47858a0442b1870a486a431d
enron_full_006211,text,0c6740a31f204cebeed0f3cc91d5001ac0270e6d50d928245e9e9883b2adbb92
enron_full_006276,text,8ffaf9b38af1d2771e5e5ee87f62dbde2a5d3f7197fdf7dbf5acb29fb823dee5
enron_full_006379,text,2c6df18180ebf6599a23557cb520d0891d6741b3b057eedde7b413cca128b2c9
enron_full_006771,text,9f175c79bad7ad612f72567650428e919f122ca26cf67cc4d88e18628382b2f0
enron_full_007411,text,60cd02a703ff5bc279e5f88f6e7bf2fb1326ea96e8f7841da43081c26fd18de9
enron_full_008064,text,d0f6efacf6c2b9aca3e22b7a688f48c993fa2c08336b156624ae3969b92bba59
enron_full_008136,text,38ad0d6d39f87e9e6f824f3c37d0691aeda536ff7bb24bbe302cfeae416a0bcc
enron_full_008648,text,295cb9307c465275cfe75c7a853c4533e8b130b1df0cea24e29a60998d559278
enron_full_008924,text,86ea2cf0428b03466840d38d07de9dfdd85f73a402fe7788473c40c3bb1dcf95
enron_full_009142,text,e654c88b39a3de2b8a5a505c1636661aa64388b9739ac6c4b57f51aa031e57d0
enron_full_009200,text,4570ed9e725a1cdc0872a97d54b4b3ecf532019dfa8c2dc10c4128088e434ecf
enron_full_009568,text,382132354c99a36dfffd42d88d70f0fe4478a5a803c86ad1f0fb3119463a051f
enron_full_009735,text,ad4cc3386ece825ccd6c4d3a5de9ed54799c52f8e84854e8b50e6efc4442c079
enron_full_011924,text,d73d7fdcafa033ab74e471ab73564c3f3b1ad28adfb433321044f66d7aa40c34
enron_full_012156,text,3557f62a308feae9b9527d67dfb0b74cd9ec818b2c7ff6fbeb955f6f0d5f8a20
enron_full_012651,text,bf32c81998afcc2faf2af1f71e33fc4ff64ee1608c1d51e9b9e579d90183843d
enron_full_013576,text,364e4acb4dca50321c1de0fba9fc2d7ed64a212a1bb595d8afe55f9dcae97a8d
enron_full_013941,text,3d48e8e7b8b4e7169010bd5fbb1fb9c248a56fd89ceeea3d72c5d145b99ce23a
enron_full_014539,text,c62e3e7a74d65efddf60a5798c5afb9b96ecbea5bc1e3ce29f9f7d1ccbf9e668
enron_full_014678,text,af3fe6f62ef60167197a78494972e3bc5ba3293ebee601d1c2ede3bbd36a6769
enron_full_015568,text,5a6664b1fed7571ec76bace3cb05f456dea600b3e32f8affa611bc4ff17dbdf5
enron_full_015698,text,e8fc26e2718e568d77df196fa74d6b097a14f76d1bf8567943d5b205cea3db04
enron_full_016017,text,00a33ae146fc0e18e3decb89eb21b3d9e5a8ccf6eefa2a2cdfadafbab636f148
enron_full_017189,text,1b64879c9d0b961ef7b62f770f2bec1b480c812df536f41ac66c107e19ca9d33
enron_full_018163,text,2730c95bb642f21841c02514ad75872843a975cc42f085ca191589d2e54e910c
enron_full_018755,text,5d3aabbcd29820307ee37d7accabb3dafd474479730371949323e0c6979569a5
enron_full_019153,text,a2b92c1c78324d5140bc1ad7a0113428241c9cdfaccf42c8dca64311a1c5b878
enron_full_019201,text,564e60fe556f7914ca0e79b50ebfd71d0b8fbb01bcc47319dfe052bdff62412d
enron_full_019604,text,06fecf2aa95ec4175ac828e2760efd1691a51be12eb6523d90fa0feb13267f47
enron_full_019949,text,7370ea85840bb9574528ffd3d89d12edbaa6359abd9afd9ad14aa127447b468e
enron_full_020401,text,f6a6f049da80a0b2cdd1d3e0e4447cfe10620c1db89eb5f9f2038a815c5cbc98
enron_full_020951,text,34275d6d96031c55518e075634b558b108b5da7a8d95c55a89fb3f2988c3bb67
enron_full_021195,text,cef7271000e0486fbd97a3fa7767bb4dd5b0f96eb143c27fc24ab6bc6e1a3fcd
enron_full_021224,text,9b72f90894e174cd2b51867696b0552e4afc2aba99e5fdaf9df11dabf2e27238
enron_full_021900,text,7d3ba93e8a444a4887870224cdfb0cc330106a221542c52a64135cc5faa860aa
enron_full_022531,text,367f71e30fea658da8df923cb3c8b8c370993b9062d6edc7b8b05b98efe142be
enron_full_022683,text,77d4d4d926b3a48293afcb0bb1c939da6f85056421414264ab00c5ede3cbfa2d
enron_full_022865,text,a84faac9db9399db2a111babcec18df0408f6b37b4d8dcc669f5e94a4e2d5512
enron_full_022972,text,301ab25a3f60aae89b44f656ae446c88703b40dcb8b557a59b55396411969b73
enron_full_024952,text,ada3d7fffe7ffdefb5f7b7e1dd9ecffbdfbefee64f7d7dfffbdb9c3feb4f1dff
enron_full_025050,text,b334cb19e5e4df66533cdeb6beb0f3804317dd0143433f9cf9bcb103c7858efa
enron_full_026603,text,ecc61b154f39452c3d695a7ddd62502e85f81088787e6edcbee18668a46a8ef5
enron_full_026721,text,29ddebece16257c079a4777eb2faa773acc610bfdfbc8ecdf037349ad3690aed
enron_full_027643,text,c09680257bd293a486c34ee23aa362674a49f05c99c51ae9aca79801edaf0b5e
enron_full_027693,text,ae73eec95765bd3f12cf6118cf7bccb4ef4459b4c3b09f39886c6ab2b1cafb5f
enron_full_027925,text,73fe6b9b73654fa0836fbfb8c1d0d1a47f38c7a94722acbc6a2fb91daceac2b3
enron_full_028250,text,3b76382cb66058cd2d4d06d09493372d387cae3baba5c5a3bcf31cd7c0237be0
enron_full_028591,text,89f60ae1fdf8f0935bf9e2d25c707d48dfbc18807ab03aaf8f784aa42e65fc62
enron_full_028607,text,320880004f6e34abee1dec5268f78905acefc6b89d442309763fede33f8cceeb
enron_full_029506,text,f6ba84892ba220527bc9f1663a32540bd8e59c9b6ef47b5067f789658758bcfe
enron_full_030144,text,ea0f77f7ded70f55b37b732bfa5b5a6ffe77a3f82ffe3ff5fdba795492b25ffc
enron_full_031433,text,2496217572656bb302fe72557e43fdea9fbd1c0cd3c2b207b539e523fd96fa0d
enron_full_031542,text,56dcbbe65a4ef5d509e704828eb9b0bdb4341b07a521244301fba1aaf86747ae
enron_full_031612,text,dd132e2c0ce3f6edcaaec4fa37ffb11a6c47118bdc79763dd0bd35a5f074c137
enron_full_031680,text,d1e457112c8430cdb3184e139791ffa13eef23bf187ed5610df52d5372ea135c
enron_full_032079,text,8cd1a7aeed083281a00378265908a1ec1f65bacc97c2fce44b1a842dc0f1aa53
enron_full_032704,text,0977995d5de9ac6c832fb3f1ce91f3c24c1a2255af1e8e6b98a6e73983d23f6d
enron_full_033187,text,60f62ca49a1dce4e247e71a9b989ecbbf87a55f6019afb70671dc7f9fd4581c1
enron_full_033628,text,25037cbf9a1a8ffda6f9b515ccc135330665dfa119dd3febb6e82ce5db687505
enron_full_034178,text,d2661215432f91cfcc6832dcba1610fa97d29b784d2f9b07e9bff15c0df559a1
enron_full_034530,text,f5b1ecc1ee9dc91ff1d01ffdcf3b5fa0633dfed95a56cf9b1dd33f60832d91bf
enron_full_035481,text,83e99b33e663299aac0ba81c9ac683d0c0f1d1c81c6716c3a8cc5a7dca7d8b65
enron_full_035578,text,7beed7be69e5f94e938d30af4f58f672e237cf18c683f41d6c7b21f5d4d9d467
enron_full_035695,text,0c1291328ddad0c4fd4d5e4dedcdcdd1f6f8fbfcb452aad3c926f9d5aab139f9
enron_full_035726,text,28b23a2b94ab732af1a71da63759e7718486632565763985ea90791d843d1109
enron_full_035827,text,6d02a7f959cb0f7ae1f85600fa36e61ab2504988e8f0af66088ce8e3c4917dd1
enron_full_035969,text,0bf11518adad898668d94077a530975271c1e9fc31cc0e5dd84e2e4d3fbe9d90
enron_full_035998,text,e6975c5588d92afeea240166996c2492a6677272a4ff7eeab640d845859001c5
enron_full_038008,text,c341faf4f63354fcda1753b0e15aaba2d24c61116cabbe58e7e0f91efa1bbbf7
enron_full_040212,text,a8b0eeb42fafb95d7b3ed819a2aa18507ca31f41828bd054a9b86fcf5e22a073
enron_full_040615,text,32f0c3cd592746853d683032bbfe695f7a3789d0aea83e26be65f04ed3e5951a
enron_full_041235,text,a10c0be0925f4c9a27fc38164e163928942c80dd9ca5885465cf5d20c3e09536
enron_full_042132,text,8c7e7de1b2b94fe04e6dd39da0465b61dc23e971039c001d452e9d25d013ea71
enron_full_045885,text,92e6d4ed5133aee7abf06738ba8d218e80d58b9eecf03a40947925ef76c17719
enron_full_046009,text,d3bf18b7990de2f4c688ec568ec12d29e46e095ce94eaa9abe29f1db4cec3b25
enron_full_046306,text,c31d2e621fc5b3cd8c90fb9cc8005fdd4a045c031cad7b543c57b9d68dd73757
enron_full_046840,text,67cf7f690b0cdc231296df67306cb6761d1be74a5dee35c7fd3e8ff55f8eb747
enron_full_047084,text,79c34ff803e8e08a729bc94bc305e847d0567125ec7b122d7dff4952cc2853ce
enron_full_047376,text,3a63b81054c447cd229fb43b149544d8ca7c13f11a5fa57a403ba8f746e0c414
enron_full_047738,text,0bd35b733ce1cf9aafe9946ba9d7e7dedcef69876bb975d70d4975f8e0d897cf
enron_full_047772,text,687804edc8ae18f67cbd26015aa6ff2c12d68447e9e2360c5e88cbc5ef7d5429
enron_full_048185,text,e566a60d9be75a5f3ecca849d3b2a43b2efc511b41d9bbf1315c3df010b5195a
enron_full_048713,text,c5873e066f29f77e0fd6b9b9c5e8affe3d641aaf9bdf5a4ca466929bf9357b09
enron_full_049016,text,ffdece70d1dbdb0f7b2d027a49a8f570b7fbad45542cbb0ab664f5e59fdffe75
enron_full_049875,text,448044d8fef7b68bbf6c95c2b061f401f53a5b5a253f874a6593ade411577b94
enron_full_050163,text,0ebc29a1dcb9bab6c717d257dab0e4e2e53dc3c06e661952288a7691524ee214
enron_full_050258,text,0c1598b8f8365d4c0ecfa417a5a72e6f476caf89536bd7a559bfdd2630955646
enron_full_050705,text,f0ae902aba0bf10ee8b85738b5daa10b70630b41057efb4d478e73eb7c54fb64
enron_full_050719,text,6536b998bb3b378abcb4fb56b390cb905469dd42516f3dc10b5433689955fc1d
enron_full_051118,text,2f656f0067d66b8efb58d89f4afd23ece172842c829bfc110857b4df63ea7473
enron_full_051633,text,95cbbf9bd7a499d0fcf102dc35ef1f2d53ac7e2ea28bbe9937724312f856ae7a
enron_full_052109,text,880297b3f869cc731ecbb467c0772f979e0ef369bf60bbd9524badbb663a4e7b
enron_full_052243,text,f3dcd431c23bacb4a36155d1ed445b5dac15e263acb82f61a806c82f596fc2d7
enron_full_052699,text,8ba2ffba738591443275a4d77d8bad63a8f179641e3d72f1b150fab1ad8f1a61
enron_full_052941,text,0c0ce51a5b8c2eca8ef0cc6c0e1ceca1fa9e1e9d0d6cdd64f409667ce2112e42
enron_full_053517,text,12823b1ce8f7a8e88a986907ed69a2c9f583cf8484188a89f751c9ca15ed7e51
enron_full_053522,text,d634629dcc051d40207c5a477226f3ff3614d0c1b55759c69df749303b40c847
enron_full_054174,text,fb369951364bbb809e5626cf25f793cf4644ccbac0c94a5a1df215e1b2d5119e
enron_full_055270,text,5ca225970b0a96fbb52e7d1821e90246e5fa90113fe95de5fac8a943f4794eed
enron_full_055462,text,4bd11c91eb90640f73fbcb78c69bcbd4ca37889a3255ab564cd3410eb0bfaf68
enron_full_056138,text,681792fe8118da77dabbe2ef740cfdefc0036285a9d4a53299096b5bf09fb2e9
enron_full_056670,text,8b8406fb642e90eeb24d2ce539f3cc34fb6a6755c0adaf84a6882e435d71d3bd
enron_full_056953,text,0b662f723e0fdbe5e59c8b7a9bed4dab3c071779ee9c07887fc562039daee236
enron_full_057268,text,95546ab7111f18d3fcb840f1b53a5d090b3d918d7e1c6ca0ff73b2721d4fc5bf
enron_full_057321,text,efe2d65dc7b530a73d46ef9ff4ffab9edb35dcc871e7dfdafdf7f62abfec4042
enron_full_057826,text,833533d932f7b234d9e7bffa90e675e795df7da5af9ef5d7cdffbdee373481ae
enron_full_058046,text,e29d6b41b1bffca5f97ff2b7da9d48f69f460e0e211580d5a782cfbc91a247c7
enron_full_058254,text,101d1db076493d4f70044a921e1142effd851aa962ba2afe7f7236c52b462613
enron_full_058415,text,83b928a0ea0819644454b8bcfd3927c714568b19c39bff6943b614fce442639b
enron_full_059797,text,af9ec2397715d3d12b9e9bf31398933de2136fc67bd247db66bd604cc27c4b95
enron_full_060370,text,50438cc9d984f65f78797646a901c140d08f9ca0644dacb0ab5dd4bd2cdbbe39
enron_full_060846,text,22121cbe1618afa444b7d231bb00f7a9fce618aa8bee394f936d6b23b82838df
enron_full_062151,text,13e20f33a123012854c761ba2f378e47c8383e0809a7c3b5d099deff7de9c784
enron_full_062439,text,030d9237a892e8363447c9dd453bc2be8651e0e7ed50fc9143426a3b677bcb22
enron_full_063833,text,472e85c48fe2cb507b41877d0bb9e1171e9ae3baa4d9d872e77a6b293dd72ee7
enron_full_063839,text,e360f2547821bee495df25dbdaa50a3a735c7a3acaf6f9cdec9a5721549073f3
enron_full_064172,text,760e80eea607a6afe603caae3852891d49f8a3a4f922771ae08d1cba7d19aa71
enron_full_064231,text,2436ff1a0cfa4c5b37301a05996af0604eaa848da1431b00f0bbc38f9df9224c
enron_full_064607,text,b736a0cb7f6589b6b721e17a39f851d16575a15fd9ad925a5b86d2f508e306a7
enron_full_065332,text,5822fda8502b8bc98e5236b66cfc55e275805e4de2e16b5b629fa01b093c527b
enron_full_065814,text,ac64b28325c18c08bfecddfe852222181fb670587057743d227e6788e6310716
enron_full_066742,text,2e6efb75979cbeb0de2dca3124b87dcbd463d5c2e18c3a2388ea06c4dcadce07
enron_full_067365,text,5998d433613c8da6fc8248faf362f11c951e12ac3b686a34c2592c735e6cb15c
enron_full_067727,text,30317ff3fa8ae0124eae2b703da3f7dbbba18924200bfb6140a6380c717420e9
enron_full_067752,text,bf61d5f244b84e14ae6ef54a49240c5ea4e0d733e5d9faf17d0799c201e573d3
enron_full_068258,text,22bba6231ebc61f02ee75728dd697ccaf71be29c8be1ec831c3d545e52c39242
enron_full_068541,text,5eb8a33d50e62944d334ab8aff0bdcce2c505f3d8bf9ca94b46d0c7263bfd012
enron_full_068714,text,28abe7d14dabe08bdecff1b6a5ebd37f48add603d4c7ef2f389bdf2833f26f2e
enron_full_068948,text,ac16997abb5bc68c28122798ffc4a9fc7d609fd642afff7d07de76a8fd05ec55
enron_full_069168,text,c72ba484ca3eb97acc532e287d10899c7ffead2291bbb2443bf6c3c699cf82dd
enron_full_069488,text,87d63e8c1c8972fbe8fde9661819c1ae54cbde49b26c0ab7d62e74644ef3a5f0
enron_full_070382,text,ac503d9414afa170d9d420d43b5e9dba6dc3fea3b3a5676a7aad74c6b7dc235c
enron_full_071706,text,be85e99772219a1eef2922f1b9dad69d77f2899df64e8a87faecc0ed043ad183
enron_full_071944,text,ec75c53107de512066b473f394ac128c888a4ecb6fc7af1ad93e41f482ea94f8
enron_full_072801,text,14aad2007901c49b435d183012c5cdb5038a27beab96474ecb396b4fa0531551
enron_full_073237,text,396358f10e4959ddfcd2ca7e761961d4b483a10276f34ca7a17b8eadb1f2aa09
enron_full_075726,text,026ae53106fd3070960f4801601366de6f9df3b7bac582d94d046e2f3af5f260
enron_full_076089,text,3e34d5faed170707ff22576b2248739fb68c731ebc1105d506976666a04a0e02
enron_full_078045,text,72c796dedf4ad6be230312dab584a47c8b92f7206456fc2f07afc6425431e294
enron_full_078949,text,692231a9f5e106f4a31deecf47f82693c124f0da44e5b654fb8202956d21a459
enron_full_080332,text,5213039b0ed5e2a21bc9002c3aaea1f4ac87e432fe118668168d4ebb94aed8fc
enron_full_080731,text,68e258d06a4856ceeabdec373db3c544aa1cb5e03f1766f2583b0a1d6b7aa457
enron_full_081565,text,6f7b33fba15aa50cc1ff185daa1a08a13778a1163bbfe99ddecf489f513f45f2
enron_full_081601,text,45af1e1609ea4611223ade150829eea3431230ad7f705c2c37d1fff9314b3fe3
enron_full_081707,text,6f018d6a6eee5b1dcb0719c7adf97f9e6f351ef5bd0fec60cefedb5e547e9d7f
enron_full_082681,text,0cd3c2dd2a066bc4862e9f8f9c782c9812304571b36eb23cada3e1fca5bea209
enron_full_085442,text,7bd43d35d9b87bdc4b239e711fe1c5e677038db67c5b8f9ebd5a4cc036c35084
enron_full_085751,text,e273e8400781a44dd6340ac3d7f767b65abd6b3a605cf0971b7e1cef9bee62d1
enron_full_086327,text,e6a79168902c9f994c6a6842e7042f95c61bf24603a9c40958e8ce1bbf598044
enron_full_087697,text,c73ebcd817d7fd59eaed6773f3722c491183de67d87ad7f4252dbc4fdef0ec8b
enron_full_088138,text,f27fb81dd48686e96bfc9ec731b185774427bfa5d52f3f61c76240e7ec503b61
enron_full_088307,text,46322d46d117c05045e9334554db1d03afc6ade54c9a4136a97cc8093f9f468c
enron_full_088336,text,aaee62adc7ee966d7d374eeacde5b75590c3df299120da5ab472eca2751ab7f8
enron_full_089344,text,38bd379d827c876bdfcafc13394ef10531c4daf7a7dc7f92be840b84e8cc08e0
enron_full_089451,text,3769baa27a4c8885bab5a00619922ecd4031eba2ea52bd701978f538acb7624f
enron_full_090248,text,396a4063e7a1e50754d5801a52c1575f61ecf078da38ed95efb8ee3ef770c476
enron_full_091044,text,c9adbe548c6557c9a13d60fe1aa7c58f4589bdcdb637bac9872b03ecc628a6f1
enron_full_091307,text,db72f90894e174cd2b51867697b0552e4afc2aba99e5fdaf9df11da3f2e07238
enron_full_092251,text,b0e1a3c29785521384b2165920ca971ab30f409b94cc09f739d1108f8f7cb9af
enron_full_092316,text,a0ea60f8ef72181bb3fe61765a958a513fd90d72f8145367e80051a9a8cda8a9
enron_full_092765,text,fb28af19a8e60937e94912dbd053820eaa10b3dab3d988f5027525c340758c5c
enron_full_093576,text,6724c9d3ad6470435eadbf883645ecfe64dc0df78a82711ccf993da4f43ed655
enron_full_094577,text,4fc5fc9f57d9d1557b7faebe445edc72d6fb5990ee7667ec39f66bb6fffd51ff
enron_full_094590,text,70e3290be8c8a4bea2e432431fbc2783f0f52a116ec59cc253f6c9a53d5d8cdf
enron_full_094757,text,6cb51af69563bcfa1c484096b7387453630910b39537a45e4efd06be43515eb4
enron_full_095403,text,4b2ff5be8cedeefbe23497eb514a49c62388f3e943c99ce7d630f88d21cc3a08
enron_full_096327,text,34832d5fe4bfacb6faf32a170eb1da6e759f6d9dfb3d939bd54d9de332ebff7d
enron_full_096329,text,f15d6ae5e5f88e6afdacbaeaf3411e605d62dc076d1fa7e97d30df9892f32fb6
enron_full_098210,text,60ae10f568ae7b09850c37021c313f8249e3767c953c33f6a476b24005b2837d
enron_full_098535,text,38d3f0b62acb4c4e6ca7c437b0614210ba68ff2d6f717edbee637570d4642ef9
enron_full_098599,text,84983d4baf01b840d8efcfcc435d787f29cd59c43a8deceff3373ba2e40570df
enron_full_098973,text,717793fa44cb49044eaddf39d619a497de75bb7b7638088f64e8b21b1571c082
enron_full_099013,text,b2fd03704968ee8f9689cd8dd8e638f980bd91ac3ecfe221fc995a2aea833e8c
enron_full_099531,text,cf99bc0068ca72e04afde373a5a01d0ea66cba42738739ae5e7517b7eefa7fc1
enron_full_100323,text,db33f90894e174cd2b51847694b0552e4afc2afa9965fd2f9df11da3f2e27218
enron_full_100466,text,2b4b6d1a59be678fe9d7639194c80eba94bb3726c45719551a3c9d05e7e939c9
enron_full_101174,text,61fd1261774d4d763559a0ba39a83f73e5d9a49a575368b52f6963f4b7b14d89
enron_full_101274,text,5b1c7f41fa06e861be9aece87ecfd7bbcef7eae750273569e8745957df64c218
enron_full_102532,text,dbe5f55305c1dccd6a600724f3807f8048cf62a8dff6f8337de14de3f294525e
enron_full_102695,text,8541a6496bbe3ce0cff8272baa24ee6e59553aacb5f285093e1534ee3cf2bc6f
enron_full_102774,text,41ab41f71b933364c20ee6ef1ad3aed7e5656cd79af06d8ef65de7fe4df856de
enron_full_103426,text,8f22dfe4bc7551338a9952bcd5fca2db15ccb28c56dd0a4cfe7a5b196d0aa2b0
enron_full_103581,text,df2c065d36eb977bceed16422a2e6e1d1dba2649cc404053ac23a93a32e8315e
enron_full_104396,text,06a35017b877087747caed8afb20c28e4d92f97099d7ba1499b0153c5551e119
enron_full_104402,text,2c71ef5c0448f06b759e99a9ddf65ce572325e95d3341b9da09b0aee5600ad85
enron_full_104423,text,e2c8883aba32fc434e824c51e7a7485368cdcab9cab8e4cd62487be4dca30882
enron_full_104598,text,3b0af5020f85ebfab7b725606bd8bd219a5f6cf063b70223754c03c2e7608e5e
enron_full_105565,text,88818fb358fcd7f6ab140e950005ff2c12e988bea2842f97bb96a50e8ffab88c
enron_full_105930,text,56909e56e0d04f85456a00244daf97586554cecdf7656fcf22cfe70f6831d52f
enron_full_106126,text,052f4b3125a7a1645abe12d7aca0587157dd3b85f0afa4c30d011dbcc2faefa2
enron_full_106135,text,f75e803f61eaaac0d6c9830411627512350d30911419cffb5de4cdab7c7882df
enron_full_108529,text,f98c9c29f5dfb913e76bdb5b1b88765f28a36eebdfcd843c5138fddc52027176
enron_full_108654,text,ef8378311e013816b5dad413b4ab9d9df379df0ed783fcf74a89d46d611f58a2
enron_full_108933,text,1d832f44a9ca32edebf5669b84243c0f4af8aa925c35650a46f7b6fe21eafcc0
enron_full_108996,text,4085fdfb26bdd50809252a93382d05fec9a838ff925cc81e98f24608075e55e9
enron_full_109605,text,a050b111e551d39bcfdf2fca358d4f8270a7e2dfc686eafa3f032374aa775372
enron_full_110370,text,cb8582ec82f28cbdceb9fc8e3fc05d6f6fd27fe16612be4e916711cb42be0e5f
enron_full_111197,text,bee97770808859e89d70412c6bc259ff4a592ee2349e72138a433fdced4eed0d
enron_full_111665,text,0bfef8bf1d451fcc53ba2a46362bcd1ab37a72efe23163671c7749c571f9f101
enron_full_111904,text,e4a6a52ff9d4d78775f86052b27adbe54f36660ab5513d12b9e02a08279379d7
enron_full_112694,text,24155b480df9cdad8cf287b43d4e85b818fc49bea8a1754f70dea37c7c1a2469
enron_full_113971,text,31be1a310703fa867404571e16831dc3dd3702cac30490368f4970c9e11a5f5c
enron_full_114650,text,a83ca406cc0d163a42c38d79798953f9b3cd2d8f24c05c666f91126d89563673
enron_full_115626,text,bce30f9da2a17d61392a9f0c57a8c565198b17f1e0e4a593c262bd1ef0064deb
enron_full_116065,text,df86f56c899cf6c12ac687949f7701bd75d8a593cd4044e24416e4f180094149
enron_full_116692,text,cd8e83e9c5b027c56dd04732bb518f7686c1add0c1c45a34111907e38451a1bd
enron_full_117087,text,cf7ba6df6c16bdc5a1e29700592d4347c43615dab176608342a4cddd2c1f205a
enron_full_117441,text,91c60c6968753885afb8c9757de08f5ef99926549c038be04f366f2b7c5dc29a
enron_full_117988,text,dca687f8813979876dfcd7819a258f26c09b8d9f8dc42a740037a5e3849121dd
enron_full_118247,text,deae9df810382f876fd04343d045872606de2d80d41462050dc6ade3019be19c
enron_full_118573,text,c68e238b38b6e2881fd467e5f2630f1c3c132fd68ce4422626b8251d8e3a5fc9
enron_full_119068,text,d68bd7a8203e67c86dbc43d4ad19cb3a08c0ad9ac484aa011e334de1bd1969dd
enron_full_119674,text,732c6eea02f9fdded750e8cdcb4d83f4fc0548c6b89ec9dbdc112fd85d48943e
enron_full_119896,text,8ef974d0ade3a4c1aad6a5d25f9fa3d07db7ff24d41f0ec759af41af140d2e19
enron_full_120534,text,c92c593def306c329e3e53b432d4f57d46cfadd9c0d2bb4496c381d645902558
enron_full_120641,text,3be4267a45093412897b33346646e4ed2db8ef15f86afb649ec22cc3def24150
enron_full_120822,text,f31118a31c8848c6b16a489a3160e839b0117c5c905af7e41d581d0d330c5d17
enron_full_121175,text,c087950cd54847dfcf16c50c79f4800f5ee860b4dc76c465a7803537d4ce2392
enron_full_122290,text,09f0bfb101a8bf5c94bcae6f6a6b7bf12301c54f94f434053692227895da4d5f
enron_full_122402,text,3cfbdf6c7ec9abab21d57f4f4f39c5fcf6e1b722e963e08b8e83281d14f1173b
enron_full_123831,text,84d580205d7c58bf94773f903223534d0c3c706dc1460ea2bcbdfc1ae81dfc21
enron_full_124264,text,2702654019eef9ffd7fb6494dd16bbd6dcb3ab6aab00a5834efafbff7a872f20
enron_full_124451,text,4c4adb0b629acbb6fcd3b83fe2e10c6cbb95a92e5df180634a287f81c249b47b
enron_full_126518,text,28276e42a8b70ff43875abe00f64d43d14b46e208742666ef75119972156d989
enron_full_128013,text,222689e8b2dfffcc3c554910b1e82c837d2bdf80031fbf5d465ef3e8f905de65
enron_full_128290,text,7dfdfc80598c65961f8ed2cadf71fd3cf57b0b528752d2df13153bc358493745
enron_full_128461,text,39a5b900d773f9bd6bee21ed3facc1c30dbd33fb55ddc16541e8637e256c9ab5
enron_full_129750,text,e3b24651df8bc8875a4836277c44789a6ed55a19d35d1b2b6c5cb4dd15abca5c
enron_full_129922,text,9a379252bbbebb9c8038764862bbca351a8c769e77b1adbbc354a8c0087b91e3
enron_full_129965,text,f12131139ca367cd875b9486b0c51eb0a90661650e20bbc013b2cc8c3dba42a3
enron_full_130406,text,c37ab61b17363920d9e6e2d322b40b3e73316bda96d645959158da3a7d0e6a20
enron_full_130557,text,fbfc9fcf733e38e15beb40a43def0fd9eb998ffdd6d84df47a7e95fa47fdf4ff
enron_full_130818,text,e9c3c39e610e41671d5e487ceb43f2abe9da53063d64fd38ca9c759290555e27
enron_full_131990,text,bd1cad5e5114f2db130d71fb1c7490197785f5a3230b7e8ad4f9ffeeb8f5367b
enron_full_132971,text,fc2bc66a1e62f3d5b66fbae3b5bb2f89fb69eccf7aabbdf0392d6dc463e3f8f3
enron_full_133588,text,89f6e94890ed74e52b51c27694b1192c4bbc69ba93e5e88d9d713eead2e66270
enron_full_133819,text,3d43c05c5f4a6b8ff9ee8776dcdab7e3639ab04fccfd465ec9b41eb79d7b5583
enron_full_134727,text,46a2ddd2b056948a7cd177e131e8b92e167649b80a3fb9aa41ebd29b34dd0a54
enron_full_136330,text,52e18a8d74f5284660c9ce8f53e087660439798d62476a958280d3c6c8b3c18c
enron_full_137531,text,5d485cc9af148ced4acd7a9180e509791b443c5f593534866f96721c9b4c1e9a
enron_full_137711,text,c0bd75b74a386a5579e3f893acd69322fa6545ec1f8a4895dcfa6c3f12655ea3
enron_full_139013,text,3ceb715ef8f310b0377050a68f3ddd244b673a47fdd80d6ff8064e16b352e23b
enron_full_139188,text,5ca04bfa0fb4eb9f023a0a535a452259fda13b34b2dc87373a096111421970f2
enron_full_139197,text,7d83671606d722375bfb9f4dbe3d21feb6d99bbc734565d7ee9bcf63ddf21354
enron_full_139486,text,0e25d6a43808cbbd62def3bea0f1b821062fc83806f468abddc9eacb8d343b3b
enron_full_140225,text,5303217230e71f947d6f551fafccb70f8b251a93b28079e3c079db079bf499e6
enron_full_140420,text,2ca1c8b0ebf442ba6af0f14a9769d7544291751c1920426d0298f195335f70f9
enron_full_140552,text,aae34f2423d903a103d08dd0a89049f145ffb464a2d2fd0ece2abe97066071e4
enron_full_140885,text,17fd0a5fabaf702f7bd4da4da6e29ce1acc9435487fc75c66ecc5d856de5c540
enron_full_141161,text,75efb39d696bbb7edfdbbf3ffa9f7dfb7a76e46fdfb30ef5aff3e3f3fff9fffd
enron_full_141985,text,18d62d18f1700e2cefa565176df4d6c7fc9d1273c1924c0574c6e33823a05f2b
enron_full_142230,text,e768a42da29d9bdb3ea04d8f46903a7351b4d1c2012025b0abe07fad8ac16924
enron_full_142612,text,dd36091ac5b02b618b8bc71a28f229924bc39aeddbd8b7c4b0f16aaadbf83dda
enron_full_143076,text,5ce3b181b8aee1ec0b31a37286424793818e6ab711f5b56fe870ccc753863ea8
enron_full_144720,text,10e179d49e969412992e6828996be44a073bf100aa07806102be094da04d8034
enron_full_144759,text,f024b5c187ec7990a35284d637c4250b62f7a9dcf2168379de31f1a0bcf6854e
enron_full_145061,text,7e1cbdb4a89a9a9edf1d6e4de2ae3c83def866deaf37c2105dffb36a2cf972a0
enron_full_146696,text,f4b0bd3e5ad3eef0d49f2ef39f7f18c4e2646fe8f65e5e0d789feb870aacaf92
enron_full_148007,text,8a8a75f8dd02dc07e9c42c8ef5496cd011b94e45483718e5108c3c75cfb2ade3
enron_full_148315,text,3f36f9defbb6a24fecfc2f7fe77b4cf0f84a1e6716738456214e1d2f69947d87
enron_full_148338,text,072b893be9f3a0456afd6f7ef7d56c8dbc62c0e72579269a72484ebf6f12640f
enron_full_149174,text,756f090746dbd61ea1cb3ea86fbf6de4dcf0edaccc66b26c46b5b7d6dd23b9b2
enron_full_149842,text,0e273e93f3b2b06eedecaa7ac3755ae9fb009445377926b689500c37d894dc84
enron_full_150562,text,3ed62d7214acb4038de63dbedb9004627af623316d167e9bf0e443073f84da75
enron_full_151773,text,fd3803e960e49710545809c70584926c64fe7fb5dbbadab801fa45224ca8c717
enron_full_152307,text,c6a41386f5c6c9aafb9424cbf1192f6e9aa13589bfd6cc2f36e59fe2894a8875
enron_full_152987,text,afe8caf67d91af989f3df1d2adf7fe7f9e7a63f67eff4ff675d0ad3b9f17a7e3
enron_full_153167,text,c99aeb06e8c804a3dc1d0f3f1f974dac5aa22daaca6486d80e5ae30223c7cf5a
enron_full_154125,text,ef6741f644bbb72fee463751b9c42d1aff2bad18d7b997e74fa6d5c88e3de9b7
enron_full_154648,text,d5818b3e71b4c7f2b2136bc235f99040273d208e54afe691ecf9832616d80fe6
enron_full_155829,text,f7c28a55a3863ee479541362bbbcc1b2c7124d13b3876fb9e3c7457e72330e7e
enron_full_156626,text,3d0e7bfadbbbd8760bfa1ac5f5a148c470efb0822cdafb0384e8e48a078dc6a1
enron_full_156811,text,b2afba9980869c79af365856bd754f2f6be4f20e7cd93ffb31ea17319d96bc32
enron_full_158640,text,d917b81198c603252487ef79921107b6f0a72a78a930894cc72312c4826eea2a
enron_full_159222,text,8a149ba41dd6e21af5fd917d71931344a43a815d1d2deece8ce4792cee56ff13
enron_full_159570,text,c373b840604f92f784ff1668a8edcde1058f5a0cf4c502f6d4d7a3287fbb35f8
enron_full_159687,text,10d8c222f96eebb5f52d22a21cd9d1b62ce8fb608668ad927c0e7f9d01dff616
enron_full_161067,text,22649f7989af76c87232613141a143cb50b55088061c3c9b1617515957df282a
enron_full_161301,text,552de6bab36bceb7c5b00418b10160f332140c2e8a7a6e10ef73e8016926874a
enron_full_161404,text,6fb1e8dcf63f171fbf6a59b6fffda591e4f32479813c9a99663ee757dcf3c559
enron_full_161839,text,2f1cc9dedd3f7cd1fa73ec93bde8bfd9ddf367dadfbfe33d9c5aaee8787fdf4d
enron_full_162338,text,c9c0fee37cf87ffd6c525936326dd56c4ca77d9ad4fda02def1701cf10da332e
enron_full_163700,text,c6c3830e6dcd0c7ec67cbb04bb6201d94afbfd461a5f5e567fee938b00586e67
enron_full_163994,text,0d334338abdff68eb82b2356b75db70ff022cdc610e73a970cbe6a83f837bd75
enron_full_164128,text,f1a1749fdfca5c5f67ad9cc940910ed8e3af44e42b1c1095d12b9998d9c5c0d5
enron_full_164251,text,1503580bb4ce15db1e37d2c9055f7b9d62cf69ab8e72079a01367997d3645f98
enron_full_164751,text,c4c264cc7b3e8d0e722274ed19602db61522978b4545bdadaf48d64df8ef9a9a
enron_full_164805,text,a101d9dd9ecd688010d4d5fcb7fddccee64740c9ea38015c0fe3036ff90edb64
enron_full_165550,text,c7dddf79c23a8e35e79f2c55eecb5d5b8a18b6f51c011396604aba0f4945c0c9
enron_full_165951,text,fadd915dc3cc4dc74f0e5d297ee19d6f9c2769ae11feadde8e888e7bd51cbcf4
enron_full_167260,text,faebe26c426ab1631eefb5a103dee851bc81d59486ceaea387965da6be63343d
enron_full_168469,text,348aa96d5c371102896df215ecb885e68ebbe948ff0f53cc344a201085d702e9
enron_full_168971,text,c4b7711f55e16ce426e9fcd3c8802072e9e031ffe177a9900c82aca7a4e1379a
enron_full_170176,text,f218e869f3b548822d7815d65b884b4b777f199b915a1ff57fecf1d1f7ff1b76
enron_full_170711,text,681715ea3b4f414e13573ac221e0de0a6a0cf6c64c307898cd851ba258659fd0
enron_full_170765,text,71f9eca8843ea3072447d2f10be44c40485cff68ff2eced157bd2fd3ee122fbb
enron_full_170860,text,e44570ef937d41d66a31c7d7853d7ff2937875186c6539908b323f1b632b00f3
enron_full_171509,text,168474dc547ec48b216c8142b8e2020931236d1804f410f87cd4ad95e2e06334
enron_full_171797,text,9df9f6f52a5504912ee91dad8ab89e9e164b68d4da54d3aef679efb7e577f8ff
enron_full_172609,text,29f670b6ef492097241b13699700422d7e27b3e67233e8510fe237bf9d7ed80a
enron_full_174436,text,9d3f540afc18fade9959d52459cef858ed4d752b288357c5c81573ff7c3994c4
enron_full_174861,text,83c7d07c8d0e04ecefb9e40cced917663bfe1d15f4b7430987841808dac2ddd5
enron_full_175011,text,c0d375e168efa4dd8837dbb80dd6ca1eb9b7b30ec0450b2d7e60fa565a6ffef2
enron_full_176124,text,53ce158f8580f6266f50f1100436e48cd4fa16e75bb54869766fd4ee0de0d310
enron_full_176753,text,7da2cb3d472ad541bb754b94f006b7070bdbc8743d0418d05efe10bffcdf13e7
enron_full_178212,text,7666e17da15ec1de1ba6e3e6d76da5e78e656fb5f82ffec78acbe035de41ec2f
enron_full_178550,text,24fedf84bfc80402812864236ac6f7ef826467ccf052a2fdf5c762735e42d922
enron_full_179413,text,8b62d468c2e12af87981146e9490cd26ae77231b6de1ef6b9de19345fb673832
enron_full_179791,text,fea7a947022f8f45add04a22c0340d53249a77a4b6575669ee6fdf11f450badb
enron_full_180640,text,f14efd72a1d96e9e502ae612ab9f6431734699e2d699403d9cd1833e48d57199
enron_full_181037,text,04eba5494f6c8b7dccfe3e9c24e999edd621278abc9e75a3480bf77fe54eedf9
enron_full_181456,text,29783bf86330548077c79134621bcbe17c05175ded9a4b51d9d56eb6a8c72239
enron_full_181872,text,e4cb7f7a00921ea35943a92bfbe3704a9f8ede7cf7121bf4e26a4306870dd56b
enron_full_181885,text,e160edd5bcef8345ec07517d842ba2eef7a546f097ffc5e4b339c953a963dcef
enron_full_182915,text,364bf3f211a88f64307ec827b65bfa2e24d747e667d3acd098d73d9de44822c4
enron_full_182942,text,b8475f218da2aca56f64fd91b3771f6f2ebe32be03d15daad9ed9e0bfe8ee315
enron_full_183169,text,5bf3eb2fb594ec79f15f2cd19ef9d03d6a33a0fb43bff5c7ecb6a7e675ae3b12
enron_full_183297,text,36aea56326c7f8fb9c65257ed28ea8eaed2eb1a5163b16b732b34645cf0ebeb0
enron_full_183379,text,d9525848b0e3d48ca9115dd585d7753e2abeb2935c6cb58ebdffbcb4f2f65222
enron_full_183388,text,0c9b2b0a41dc6d6018380a2b97820881d32dd76a59af7f3f9e5346222e0f64ea
enron_full_183934,text,0ebc0ee1907f47a156bea3bed15451f79686bcaea240401015d44bb1755f2c88
enron_full_184508,text,0cc16fc3ae71b206f6381ece64a4c874efd8820e6d91d0e96b0a573fffce6f4e
enron_full_185731,text,a23607fedd167ef1b34bdadfb1898f0a6fcdd3ef53ebd599dc73830d7737e68a
enron_full_186258,text,9f5b7a139cb39e4c217a357d4e5bfe26bcb442f08b156b730d51a6065762befc
enron_full_186778,text,331e116532bed5fedf1b359e4056192bda16b695afce79fed8d693fdd9ac955f
enron_full_187181,text,27bb0d0387fdad8088d400fb8aa250aeffcefd62fb7e0f0f5d570854f2542521
enron_full_187432,text,07eb574b57e42cb55eb77be410d80c733420056ef6d0d44bea83d5bf211271de
enron_full_187706,text,0734687d95442f70fe94db8eb99866946e6579f1aaf5e43055f9ffe8f40a75eb
enron_full_188453,text,2a66fbd97bc81866871dfdbdd4f13e045fe2d4a4745e2c4e11b53bfa386d156e
enron_full_189842,text,0d7a399d87314932812cb2d0680907e12be5defd048bdd2c7340d6b8a6837a18
enron_full_189980,text,bfcc349d6d4d34ef2cc254d16d87aa94779a781b799908798a5c2dbafe1058b0
enron_full_191466,text,e967e4c7bea15d6ef1b9bf037143673137447c2b2349b42ca667ec31982d57c5
enron_full_191744,text,e8182712c673ec55b098401c56cc217d55c29e495fea9af53d5bfe2d7e7bb05e
enron_full_191882,text,fbed7f3eced65ef6879dfd7cdf78fffded53eff73aff91b7df7fffefffff76ff
enron_full_193162,text,dfb769cffb63b1fcbd3d635a9fbe57dff71f76912f2fcf6fcf7df67ef7bbca36
enron_full_195402,text,a3e6ddfb336cc4c6a1476afe310d933b23a8764bd6ff9293deb80423875ab8a5
enron_full_195600,text,9b72eb4896e174cd2b55867eb6f0550e5afc2aba99c5f78d9db11cabe0e2722c
enron_full_195759,text,80368d39460b627dfbbd5574bf118729f82d258553550732529e8d1aad3903a2
enron_full_196134,text,a7546d02896ecb46c9e41015bf1b6514a06c89cbfccc98ecd834cbc13cfaa292
enron_full_197175,text,db72f90096e954dd2354847296b055064afc2abb9df1f5af98b10de772e2729e
enron_full_197216,text,9f06fd0d6ec31ee56258b61bd8e07c606aee3abe9985beaf16ba9ccaf0e5ec14
enron_full_197678,text,9784561054d002f53b67ef6fe49757304432742b284d1faae8b6d3499d924a91
enron_full_198102,text,9268eaca9c4b8894abc6137e8c12a59935ba4eaa5c728fc7db6ad2efdcc2424f
enron_full_198996,text,cf59d5cd1eb2575329f51697e4d5a5a36a626887b54dfdafbb297729d1a13268
enron_full_200327,text,51ecb9f29b6fff8b8f69bcf2152420be2ae038aa3bcd9a0f5ca3148bb9a4a700
enron_full_200476,text,b49274d33a2095008deb8c40214ca81eb0cb06569ad90e00291619e4752457b0
enron_full_201608,text,77317b4d4185a8d6df1a044302beb4e7105da2f2386d66b32d5d8b482f704531
enron_full_202547,text,ba50c7547b3fa3e4181f7b2856c7ff50dd3d1def053c0c8cbde2367948176260
enron_full_202611,text,fb774a4b41a1e4692bd08307722dc197abb839fdbbcdedb95bf75faef6f6b3e8
enron_full_203046,text,eda7df4380e7b7e9f77dbb755832353643945a89706d96b139b42f88f8e11a3e
enron_full_204937,text,09faf45872ffdfd50296fcdfe4d4bc417a4f741b83beb1fa61e35fbfa9093a9a
enron_full_205754,text,2e8126b989b2f9d199d3c39dd668843a075b1b06155ad5427fd8ff47f04fc272
enron_full_205846,text,24c14c75d91bbecb4daecc991a3e4c48d109c159f17e3e9d16675fd2dff155a4
enron_full_206132,text,647f5dc6fba986915dd3f5c7ed5a0bde828fc57ea2614bb93b5f72848837f4c6
enron_full_206426,text,f4285abaae7af80ac1fa52fcf5bef9789ac22b59f8be8169480e72cb16de3b20
enron_full_206631,text,e4bc9af7737df7c4eeedbf0307d3a929d0997136a7259ec19a6d011dfdc115e2
enron_full_206780,text,ffda52ffcc555bbefaf184d622a7bb6e4fb18bb19e4f2aafbd114f1093335e00
enron_full_207863,text,3d896fd19f64d11dbdcff9d61677cdf7942f933dbbbbefff126f68a749578da7
enron_full_208242,text,4e79e7063144041e2b0913848c6c1e51ddc0e47f66b64b60206e2ef3eb5842ce
enron_full_208362,text,d6b602667f83949877b391d939e0052fc48d5d3622aeadfe79d08313efdb7721
enron_full_209030,text,ffd7d06cfebc69939f6a5f99ffd57b52551fb8e5aee0165d5efd194da639f7d0
enron_full_209358,text,40a6814e20ef4a62bffbe85559bf49a59d6c203bea9fa04c53d9552d32ca3070
enron_full_209479,text,14a2d23fb43ccd74ba83d44ba9f2f93f70ed43be8d7afd64975762992a2c5b26
enron_full_209859,text,963faf0c9ff425530d980fe0551accdfba96d7449266ed14eb0c8d5bc8a92af6
enron_full_209958,text,c461a3c278a14b28cc09a95bdae12e9adeb6fa8ee97dae7d5ec05f0394e2bab3
enron_full_210032,text,7c968ef7aa0836a0ec33fa5ada35f91dc68c676d6a79af7267f92f07b6d4bf77
enron_full_210772,text,e3c3c3dbe076ec11ee67270137865a7c141f34a5c4f227628ff3f225a62c4327
enron_full_211094,text,6ba96de95fd087184573298de8299946cd38903c8837a8e59ee6c1c9c46f9aca
enron_full_211389,text,ef56288cfe5f2d4646972347df4f310fce465f91946a6084761872bef83e2039
enron_full_211892,text,c9c33a5ed740d9267d407c1d168c5de7210e0c3d608b8fce9ea7e39bd0cff620
enron_full_211966,text,a775d01b095b86916e6df0836caaa51d52981f70d1665db9c13d7f6bf0e6e794
enron_full_212202,text,d84fc76ee998fef578a779791eb2b772988753fe15b60df5a07fa6ba82ba1b9f
enron_full_213178,text,7c360b3fd2899decf4e96a311dd49268aa22e861e7f0b0512a262bb681c997d9
enron_full_214684,text,cf64b37733f6afaf459fa9cf37e9393a7ff63a8fac79177cf0ef78aef675444f
enron_full_214861,text,e4d86756a346570d4fa57c29615c00f23e9cbe7746d6c9f6fbe1b24e42c75656
enron_full_214866,text,c3783ebc10b713bf3212d09fcb3f92af523326bfe0eb76cb63afe0d045087840
enron_full_214883,text,13fdabae794857fdfaa0772932f0a47200295bde1de7cfffe277feb1d5d903eb
enron_full_215380,text,e9bd84e829e0db3a09aaa58adc96d38bba68c19f27d7dac979f11c11e5717211
enron_full_215696,text,a7aff720aef7a76a3515b553645b654a59e5ab1637cf9f968efdfe2fe71e3be9
enron_full_216853,text,6a9c62673079cdbbe207841649bc10a35aa763a87b5c09e9f16d8bcd0652536d
enron_full_218707,text,d6de697813b4ba2242ac337f4ff772ef31c9ed4b4c2e4e27ad4fe31cdb334701
enron_full_219044,text,e49f627da2f46291abf2ccb33087989260a832efab3ceaa928a1cf1703bca651
enron_full_219142,text,857cb153a0d3d8b011bb50a1b1e4755eb79258278aa1981ab5ebd61f46edc716
enron_full_219243,text,8b5bd1b0f16a16c8a74b5235cb5ffdffe9e7f7d661cfd1e11ecf7b9cc898f84b
enron_full_219501,text,acbf9fa82fdb7ee3e822ced93e914d638ce637ff7db8c4b7212eb68ea0692bcc
enron_full_219509,text,5745c7ae64e9326fe495e39c6eb7d7b75b95c30eb1142ea309f4d40d5311e2f8
enron_full_219658,text,07d1f2729baeec63bfa2829fc136ab32f6aaec286a9b8066b62597abad3d78a2
enron_full_220234,text,3ebc695dada641f7aaa751f11d8bebd4da1dcbd8839da8ef7f08d94209e3c914
enron_full_220556,text,f350b7decc973cfedfda0c3190e7b487e36ffb6c3f0eefcd8ed972ff1c2d0775
enron_full_221304,text,8aa25a3892779d65b992d1fea6a87273a5a916893b17b7a7bc780f6fcccf7583
enron_full_223253,text,fc026d99ec7995ec3ff85f1e3de7b57b6f66dfcd9fe6f4cbeb7a77ee3daaffc0
enron_full_223630,text,8f3033047e2130e93a1ba3872c5cbe1a0a9e396fb90d938e21834d22bacafc5d
enron_full_223933,text,65bfa6e1e2797bb7da4a6e03e584ca0b6e9cc7970d546feadee8efd5384d1714
enron_full_224076,text,5919e18c9fc1f5881af3882a25847633336b20ba03f7bba21ab18f47d6015330
enron_full_224176,text,a383aa8f1a2bf819bbd8f6d7a597cf32dca8493f282fa568f0c57de9d133d531
enron_full_224421,text,eac8b569de75ca8b98eae63b4c5e15b04290e86faf1be0f531bb26b4f07d7ef4
enron_full_226002,text,f1a25dc67a545a86c74b569f27c7abda5a09d8d1966e6e4cee7a362e9b6e67a1
enron_full_226675,text,151ce20e7b69cd80671b6fecfad7bc63e92557c93ecab782b3c70de5a36ceca4
enron_full_227135,text,e5fb93d43a0b6285e6a9c5e7471cc969ff4f2cbe25824846266e32b05cabe027
enron_full_227290,text,153da781e77c20b63f6f6c828871c6bc94a3db5ef38bd04789e2085e835e8e3e
enron_full_227315,text,2b985267486eef749490e59dc515ab8d856a7f88e41527eb6df39d010fc9263b
enron_full_227317,text,0a8bd4f72554c4c43e119fb9fcab0e2e3f60b66d5fa3bfa5868b237e49e055bd
enron_full_227401,text,91ed8b3a1f45fc9eb7b82cf2b7c5f8a7ff3ddde41214c4b6d93db27d0bff4823
enron_full_227576,text,5998d433613c8da6fc8248faf362f11c951e12ac3b686a34c2592c735e6cb15c
enron_full_228518,text,e7b0288e57e3adc4b74b5af2a223773b211d350a1c91aad7580e30955bd95c69
enron_full_228640,text,13eee852c5afd8cf1a4e8fabe4f50725097cd9829e1bf39c888a7a073c7657d5
enron_full_229065,text,afef3ff5efe7f5f5d731fea4735dbdf9f4afe7bffcfb9dfd4f5f3ed9b7f7afeb
enron_full_229125,text,ea5ecdf1f75edc755bf0ef3e6fab4f8be5b9a53c079a77f3ab36c66dedbeb6d7
enron_full_230449,text,4966da9cc18921c5dc701a24b7c761d66a6bb3abe8c0e583d69bd8a4713a15cf
enron_full_230615,text,0c668f370d78aad67cd7f5bb8f6e9e12582f68c87f270131881cfbf020b2f008
enron_full_231206,text,4d60230590e5c1f8a98854125e1fa5fe5ea5f3d3fe47d3c704f0c9443cbdc368
enron_full_232509,text,6c3682656264d16d771c1472d1a0c8e4b285ce461e0f23380f59c61a5e5aa827
enron_full_232529,text,3192b97d6008dffe43cfb0dfb2827f0a812aa7ba85d45d8bf838787f57269e55
enron_full_232592,text,6bce9260fe7ea7021a78fc2d0d839f9acbd8a6f8855dff346b1b3c35fd112dd8
enron_full_232830,text,df3040dbdad1954c6b00376aabf96ea0028938c9ea50fbfee22243b563340bec
enron_full_232998,text,04fe9651a2ea7f33bc2fbfa3fa8a83069fde46a25d649ab1dd54d5bcf1d1c681
enron_full_233012,text,04f9b751226e3f99e44dbe23fe981626dfce5632146c3ab47d1055bcb381c603
enron_full_233273,text,ab9648bdcf98c2e288b8b433def73104182a3a8d532e1f5e0ec6bbddf1f77f61
enron_full_233711,text,bf43037f4ae0fe51cb4c8b1e825c42c4ab5487ec1df2c5b0fcc27fdcead4e62f
enron_full_233845,text,a337ee0ad616afc95a17cdf3b9525123728c0ace02575f7c1c3302f2f0b057cd
enron_full_234397,text,554792938cd737a4fedd2c1eab767d6c5e803dc6964e48f90f3217db01e1e342
enron_full_235427,text,e2292e76179a7dde99fe3edace378f5bdffdf3bec7de763700dd50a8b1ddedf7
enron_full_237126,text,9e1eb1a4deb28bc20c68871173e1addc00ad75ae33597ed09fae36377cafc514
enron_full_238037,text,84a1e31bbb2a5380c0e722a7ba39701ac8f32d176efb67699604aa3c32505f47
enron_full_238970,text,f419eebcba3a7d62ec38d79e3f99749f1af59d43d0dcc647b05ff727be95dc9b
enron_full_239927,text,e5233957196497440fcbd9fa3833fdbd55244d1602b50c7022b6da50b6e70643
enron_full_240437,text,984c6af571f4396182e2d14843fc3fa9ac0243d443869e0292bd1a3ac7a2d449
enron_full_240888,text,0b0506fbe42e90beb24d28fd39f3c434ba6a6575c88daf8686982e435d71c39d
enron_full_241204,text,df5462e59b6923b0743140d390bed7d37f3864b024376d6289cc382ab32b0097
enron_full_242121,text,5617498ca9d151c8a2fec8e574c335b6cf9fa4c294fb8efc02be76751720379f
enron_full_242149,text,f77d675118934b8253b7f937256b20f0e4b5f86f9d98e46836eff1ebf4c1df37
enron_full_242702,text,f97d40616a563394d95b9da67d41cbb7bf1c56514cf3b27455e33ede29304fd5
enron_full_242763,text,a3fb8368a2c631595cabf0997d4b6edfff4bf2174afc6cf47d51f44f01ad3012
enron_full_243198,text,d433f3568ba188a89c3bc74d10471bed49f77fefd12c106b9b381a3d66d2ee61
enron_full_243425,text,25ae32aad80e279bdfcedf73ac22ea8039dfcc35281ebdb9da3858f3e870f2f0
enron_full_244168,text,0bf39bc9d193a7032ffd3e6fdfd524d4b4495abb57bce3f6ed6f7fda802306ff
enron_full_244538,text,a787fd7813decbd37ecfc73bbac5b49b3fc15668ea661634104d3a9f1c6dd2f7
enron_full_244857,text,63f809e6f47da06b40ba674490ccd40cc6590aff57f06f43a4a567cecf69287d
enron_full_244901,text,fed2d1f459c5c4d8c7c3441c6ecba607326546be14fe3a94d61ec27cb8937659
enron_full_244915,text,90f5d3f999a6c6a1767bbb867849ad273ddc69b4f19da5575826457918c11ad2
enron_full_245469,text,2adeb5529ef64fb807690bfd99cbd14a76e907f602faf7bf2f80a9eeb1050158
enron_full_246185,text,88525c7684d1b9d047aeebb1afb017312d6633ffb725e5077cc5e9b2d5072119
enron_full_246287,text,025a0390d3fa5d713ac475592d428653cc42750256ccd8ead9d688de43d7bc40
enron_full_246288,text,2cfcd8f040f4d26725b6f1f62ed54390d98fe34d66a4b18497986ca308f9790f
enron_full_246340,text,5a9189da491cae6762665383fea4ec920131f15a5482ef11f26f11523d652356
enron_full_246689,text,a745ceeb0184fab334ba2b175f0ecb7f96b79a97e7758f36b4ae4379e6b76d1c
enron_full_246896,text,887f89ba4a5f8823e1fc8a7d44e743214e0345a7e2ff7e2ee5d2274894dfee72
enron_full_247095,text,51a13d15da5b1790a26d395fffaa99a08e702806392726f4e23e1340f41d1be5
enron_full_247286,text,76a6076b6f7d070e1d9cf4560dbbdaba4d545c6c729cfe85190c3d9416ea3bf8
enron_full_247295,text,8c9b6aa0389051e92be8cb3e4d25a328a440c85bb49cce72fb014710db40faa3
enron_full_247605,text,9325025a0991d9a0fdaf579dab4adebf8f81e096c8e97b2256f15c1c0aacae93
enron_full_247963,text,3f2ecae02ce63440aadadb0446a85bc539b7e4f7b0b22b4338a9d3985ca600a6
enron_full_248460,text,1eb7e1e38f88634fd7f769aa3ceaa02509990c0b2ffca902cc525bdc322655cf
enron_full_248776,text,6382aa0e6cae37803ef2ff8466345bdde3f5802076cf76f5c97530712d9d9a2d
enron_full_249257,text,be7f37bf9bff73edf52f3a7bfab960c23522139f31ec88c9a1e018cbd9833d21
enron_full_250519,text,0a5bb94c18213c4f2ad9c3f49678657eff7e3ad218d5a7e49fd12f2b667352bd
enron_full_250725,text,bdc2087c17f9653ffeb4b79f6754da0a077faaeba99ecb8f7f5c3c9b751e5db9
enron_full_252462,text,26e277ce3aa76fb6435aeb1ba51d6952e0b327a8f47d317b4a8fd3938d5d9ce4
enron_full_253509,text,3343cca2dd89449a267fe6defff0ea432b176e616ae4e5b7fd7ef35bcb16409f
enron_full_253676,text,97d0ef9c3230f1ce7abd68cbc19a12a67d61dc84f3068f35c60472832f51c9b0
enron_full_253776,text,8807458fc38cc2f226ed50938b0adeb4d4dd428df4e4ee254e61d60c7f8d391f
enron_full_253875,text,7aebc36cc26ab1631eefb58303cfe811bea1d4d486ceaaa387965da63a63343d
enron_full_254022,text,37e1343ed690cedfff8f2ea234919ae2086f8df5dbe2f6d34e3929a8e5fb2964
enron_full_254732,text,17feb7ffda6f567f2fae556d251879c176d0d821abdca7cfa17dc933ec172dea
enron_full_254813,text,63379929f8e7282daaed0546aea5fa3cec7d60fe4d9ab8adc0fd0f45a6c33b11
enron_full_254930,text,ca0f25bd28d66f0e11e9e2f8511af7616a6ce0e3b5d8930faf3ba40a56d6a8e3
enron_full_256359,text,b77ffbc52f226b291d7ecddb6615f090244e49fcfc56714582dda909696f1c51
enron_full_256719,text,ce0b27afa70ef2c763e7cc33cd5978a8818ef4f072c2436412a553cee573a973
enron_full_257223,text,eb9b4ef7f605f3daadaefd4cdb3bf7605959dfaab0fc8b79ceda47fe02a8c4f6
enron_full_257476,text,ff8ae6fcf3a67ddf37daadc7b076964dc64df92a1a13b035d068ddd7487963b6
enron_full_257526,text,68bd7322088e3c3bceae7f39bd9fc2b4d0ef530ab5dd5843b673cbea0da1e817
enron_full_258106,text,55d69649886422f4a45e3d1a9062d021888d3bb17a2baea1c91d5d8313b8bc1b
enron_full_258436,text,64ea725cbca09b3587ba31099dcdf42df1161c3dd8e7ac2c051eece40b32ab27
enron_full_259050,text,2bfdfc29187cac42952ad46bc6e7bae26cae50e96c5d027558d2ae0ec3ef5ce6
enron_full_259076,text,2cf528109af0198a4948703db77874a2c7c09302b39fe513be6e23d000d65e74
enron_full_259321,text,732ec23aa787a13cbd80c58944c092f6621fdbe837da905a284cf5df41b9ba86
enron_full_260192,text,34165b1384deb04a72972a5ee61e81ee26eef7a5b51bfb6bbdf0f1dff5e36753
enron_full_261884,text,28e0e80f6b9bdb30fa769fffb45ef5d6d0fb4c30a575eee95cdd7fe6d931f0df
enron_full_262514,text,dcc8bbd402d4b641ba9e51cc0e72aa36e65dc82816e3b096afb31c55b274b214
enron_full_262785,text,1b26a8cb2fb11ee6c31777a5ff9c9f735fe9b37542379821fef79b2bd11d1395
enron_full_263240,text,59da43edf93ce397f8137709c37bf27a91beb6a831eea19dfa9a80cd6baf95d2
enron_full_264723,text,3b11d1ccddec036148b356e15695b84ec5dffa23639cff0e3ba8f42b9445330d
enron_full_265023,text,5fd7fb3735f1cd9d853f15e99fef9bb367f27f22862777ae458d41ccff5cf6ce
enron_full_265448,text,bf0a23b697f8f60fdabdc8f203d833b7246571bb460437c97bb49af3409719bd
enron_full_265746,text,6131343ec0261ea813e3e0aefeb8811d68f43d0de80be812fd1adae5429303b6
enron_full_265774,text,9b026c1994a0448d625584b739b155666adc2af881c53daee7b10f637260f2e8
enron_full_266026,text,24e2163140467d12ffbe847cf40cf7a31a7f36eaafc730fdfc6d8bc6b9d7f59f
enron_full_266097,text,7fc5e7d38ee28e5d491f39106f6af81fdce1be04cd2ff71b16b42e7b1ca80b24
enron_full_267067,text,3fdbcc56ee77d3bbfaef7390e612ff3717517576cd735eef9b7dadfb47dfedf3
enron_full_267198,text,e7efbae3be56f5efb7febe1baf2fbf7f9f77a9fb7df55b7fb3f479371f388d3f
enron_full_268981,text,fca6779aa8d2250ccf7ffb94172976927ef9f349959fa795e6de5cbac06f550a
enron_full_269702,text,5ee1118dec1398a7768966c8069868d71450e424e1081b45978e6fdfa1db9640
enron_full_270257,text,5ae1110dee1399a73e89c6c8061869d71050e424c1089f45938e6bdbb1dbd6c8
enron_full_270526,text,f8f07fac6014e8eb6dbd6a9a883f8f01711fd7b4be1ce2a2e6779252b02f2491
enron_full_271097,text,991671bad2786c79f2756d6c9b0f70160950ad16b61b36f4a512bdeca7f5b9c3
enron_full_271232,text,6262be45948ddedaafcf7fcf8ae8b78e1d8f84adf2b21cfe825779df3728adda
enron_full_272570,text,258cd3124da8692a52ab2374d4550ed2267da8ca4a3bb0d3907a5337b164419f
enron_full_273248,text,950d6b05fc82d829fb2abf5e7e79386a94047b9d044434056fa24640c4fd5de4
enron_full_273363,text,b4d7e36d0ba79a5f34452cbfb8ca08e1df45fb0f10f7bf82bbd5f375d4c63c9e
enron_full_273791,text,d8401c6df5b761e43a2027b3eb6a6351d7d9b0c3612ffac5efaf0fc8dc748c2e
enron_full_273820,text,58facf4f437a28f65d4e565eda38843237c1e3a9fc6df6d3d282f1c5bfda5d4e
enron_full_273961,text,b3ef9d35dd9c9bbeb55bebddedf9f775577d6a1b95338f8f733833f7f7b4afbd
enron_full_274206,text,fefd5b323ee77d7f7dc4e7ccd25a7c6930a6ce6e7a67bdacbebf38be3f3d7dfd
enron_full_274561,text,2bac9392eab6792cc3ccc18534d5346bb5ae608ad750a68c6cd98c5b81fd5c7c
enron_full_274757,text,e5f38045c81ab0a2327e43bbfe15d38279ced692329dd85b734f9541ef1589de
enron_full_274786,text,aa5d414fb20a18c54f8649315188d9fde00bbbacaddd2ca9a784226b2a28ad94
enron_full_275183,text,7674f9e149db8a5a4462be13de7369d60247ff9867e1b307e092a820376601f9
enron_full_275570,text,87395ddcae06a8d503c9419f03042ef3a0686d417cb8107ba7c5385741ab6890
enron_full_276028,text,924e9830536ab3f429f42feaaab4d3c5dd890a9fed7bb887c354ca4e30c56fc3
enron_full_276324,text,cefca1dfffdd0af6f9bbf5743cd0ffd6fc3fcf0ffecfd43ffcff7f7debfddff7
enron_full_276342,text,d2f44456d60e0c3b39625a48171ec7cae5887802b8af4083ae31b623740134dd
enron_full_277439,text,a99cfdaf9fdd74ef43564bc1afffef6efbbbb2f9e5798e398f2fdb6b7f22e6f8
enron_full_277990,text,b51a736f594782c02061c4fb192e4501ddfd51de1b7873220b23e28e9d10aef4
enron_full_278811,text,3e7bf5363697635f8fe3fd6abbdcb873ef1fa527de8af62e8fa37d3f8ead2273
enron_full_279563,text,927c246c6107e7792f7f8d7c05e799c1897643c176fa78967e5981be85744e89
enron_full_279751,text,957337185d5e82c66bc871d3d08d23153f99ed296bde079d49fd8551b25bf612
enron_full_280423,text,d4ae297bcabd5d7713b9ca153101ce9b660300850163dadff6dc07ba7f1c896a
enron_full_280603,text,75e49944b2f086ca7c6e2e2eca1e675be38e885d69db1df892e0d1f8381577ae
enron_full_281547,text,64106e6a2a28596178eb6c2b36706fc0ca1f69c4ecfe68af6461d2b1cbee5770
enron_full_282395,text,2fdb8adda636ffaad727ba499e9df0ad5dfd251d9e3dfa22b99e4ce264c4a953
enron_full_283356,text,0e3af5dc5596bc17ead02f03e57b2ac9d08bce435c73847608ac1c4d5f74e482
enron_full_283839,text,29228131ef46f00d6c3de9b7fd2e0c4df4f0d2c71e7a9a4a70030e3e471c2d02
enron_full_283868,text,079af1f9d187780fead4a513413d68419681ce41dc73ac7e44851c0d7a349c87
enron_full_284197,text,c1c4adea617a327b8e01088c7a8c231091af5b35380a1bbf3c009e386e23a347
enron_full_284956,text,e3c2bd6b5bfb30d084425d787fa3f6395235a60a9efe1adb058d2d2ac01616f8
enron_full_285559,text,d5305c8a7bc0a60cf86a9d377780ea70c289e808b2e64a8dd02c35f0f9b8ea7f
enron_full_286024,text,7c2ae864ab6661d7dc5e32280629ddfde9086a7f3a417ac4a78f9759a8a1dad5
enron_full_286036,text,0f8f523ea81a2dc7a48b8f98bfb725330675d86a0211c1439183fb07393bfb01
enron_full_286164,text,443fcc514b04bb1e963f7ddef0b646e65fd7d8fbeb38dd10bc4f2a60a521b67e
enron_full_286899,text,27b8f38668b13f9f36e7182ad8d4e7ef0f5c944af6dbf53ea4844b51ad278726
enron_full_287012,text,70e1ce5d2de00641cad5e3f9d5b7f6949ed1611903d0f1687e2256d8be523aec
enron_full_287512,text,ea960ea5f81dac87d3f3870a9652cfe2edae97f1373399f14ff5f7412343164a
enron_full_287655,text,bc8abdaf93d0fd3b404ad5d2637fb8cba5f7dff9e10b4294756915d49b58ab24
enron_full_287736,text,14f3aa0850b67cdf57950204e67aef7f3c3da36e6216bc0a3537b854629f13df
enron_full_287760,text,c8d7ae7fcd844a29e9ed0cf39e6bcf442d255c8893c46db7e0fc81ec727ed5de
enron_full_287778,text,3d055ef178084913fa1133fde6d7ab87589068ec5511672ab38b638dbe451a99
enron_full_288938,text,46451ccf1cf74328f6dd7b97d3cdaf82ef7b6ba0c2b512f6386d1edab2fd6eac
enron_full_289243,text,2e6a31378c7d979dbfff26d6a0ece08c710fb94f834279b50ec23b7a4c5bebf1
enron_full_291054,text,71f304e57cc0d48babebb948af8662671cd2542cf5f4b32d902e47c9db747a0e
enron_full_291275,text,9e352ee6baec2bb8d29eef2e51d83762557963f0ad2f0166c72b3c4a89963d5b
enron_full_291375,text,5ea4f2a33843b5ba9249d223e5404e50dc06d38891ea3ebadcc45bfad37d430d
enron_full_291790,text,bacfe9cd8fb54ea5d71bc9c0c2cf0c4bc55bd327162d11c4589ee8dfee3038b3
enron_full_292561,text,748bb126f7b7ba8957639ccd9b6e876b5814effd305d3f9e441c35527f98df57
enron_full_292656,text,ba9c22abeb7707220d6e443fc19e14b6dce404fb344c6222644c86e555a06236
enron_full_293066,text,6a200c79dbbf1ca6b412f677d6816526307af993b888533b42aaa894ad929952
enron_full_293083,text,95dad88e0d88d3ba899ff874c83f3d8360676fcae6aeba651aecdd5324368a7c
enron_full_293619,text,7cd4ac03ed3b178f5e0df4bf78427274b8dedb8e002a5d637bbcece5d6af6aeb
enron_full_293948,text,b7c0fb79af7cbaea0a261c110a01c159f5bd0947aadb52d29f8a59fa8ae361b4
enron_full_293985,text,5c4473040c4888e4cd79d85ff0628f78e813157845fe4154684b2660fdc4168f
enron_full_295023,text,913c45f73d1961baf2d86071a022bbf35f529bc692f98c1dee8ad25f1464cfac
enron_full_295246,text,17f2d94854495dc62a12865685a0548658749db819b50d211cf91cf7e2e21690
enron_full_296957,text,268619bb3f9f8f8a9808f7fe790a76a6784ace06231dff7d0fa533e569c7c675
enron_full_298392,text,fbfb68f5ff5e337eeacc62393ff09b83f603cfc39d9173e5d33bd99fbe159e8c
enron_full_298764,text,abd79d10dbdf1ca07d85028a9ac44b4a43524750ae619df6721969b27abf5de3
enron_full_299033,text,2e6e15d5afaacdecc2fd66fe5826d358ec43bdc1b1c318e56175901625968eb1
enron_full_299289,text,abf3fe84ff6ddbaf8eebbe773f77f1e4fcfa4b5dafed3fec7efffdfecfbfdf1f
enron_full_299345,text,e4829ceab09fd19b53e610ab728bfdf4a9aa99112b7a12ef5891ac64b7c0f394
enron_full_299690,text,fe895584120b5642fa6c6fd6849c3fbdf3792ae11577638aba4222f34dcdcfc1
enron_full_300310,text,52ec2a35d71f708bbbff7e693396ba75fa40edecfcfc4e4bb94bf21e34e948fe
enron_full_300702,text,7c8852df5402d9537bed39fe910a0db1fe7b3bc5070f2f4aaed2c288ec35a145
enron_full_301521,text,93c2b66c3d9d82989ae1424c21843b47166742553dc2b958dcf1e19f9038c9bf
enron_full_301926,text,87c5e849daac13962b8b5fb560e96f496ab63aaa541d1e51060c3c4ffa40a74b
enron_full_302529,text,32ee75ee19ae79f5d97d4fce84d46dbc7c49531377fb3bbfefbadcdf0d45fc4b
enron_full_303527,text,11cbfbd9bb2fbb4bb5cbc6b52dc434f876d6e77acbd90c8b0a874c4bf152833d
enron_full_304134,text,13126269926dd6dca296a06ac95d0627db97c3e99876ad27f75d813c8875b526
enron_full_304324,text,6da52f5163a564c985d0bf993fc97e52f6541cf50591ce7c46180e7154fc33f5
enron_full_305112,text,1c92707156c455863741dc979d510da24e798dbf85d63f5034523e08fcc6c17e
enron_full_305491,text,f7a32aa52d1ffec36b8d10508b159b421a399abf06c381c7c88d0877bb9991d8
enron_full_305595,text,b7633de5b0fac01d7bb371f65bcf3d412e454a937e250e73a448dc1086d2f216
enron_full_306022,text,9bf8c5d83bd64d92c8545f20f0c81c7b902e62f79c09f2c3ab7e31fc1828351c
enron_full_306282,text,c316575533a3f69210c30ac259ae4381606bab79a3402b0ed48714f2c9eb70a8
enron_full_306838,text,d1ab333f0ab5d71bc53e7d073a291ec2ea4dc92be3076f712ef354e9459f7df7
enron_full_306879,text,caf2e2f42bfbaa188cc19dad39774cd39eb04284e23d893ba53f3b979574f93a
enron_full_307066,text,cae72130a6a4515d04f7a9643c3ddae57f1ec7df9c322db570e0eafcf230adc2
enron_full_307536,text,fd4c498cde6af042b0ec39be02da0cdbee7dfb2b563f2f0a3ec203d75f9d8531
enron_full_307959,text,0cb4130ceb4833436ff60bde20161ff85a2b73af134ea6429c4a28930e05009b
enron_full_308283,text,5c51bb637f37fbfb2304ae59e0d92f4201bcce0b688195c317fb92f7c15be4b2
enron_full_308504,text,eda3c815f48dc9e2dfd4667f80408034c8636da0bff6335f59d3a18bac10c1a2
enron_full_308666,text,a4847905a80b45dbbf650d523a191e35832962cb0e93d478cecadeb1e4e00a8c
enron_full_310049,text,7fe1d9b1787a681f8d7f61f6a4d733bdeeacdc9beb33df3f457c3d61e9e7d8f2
enron_full_310050,text,398bbfc30c9923c39fc2156b064e23f08afc89198821e9ad427d6cc4a5753052
enron_full_310056,text,0bbd679858fbc50f599b283f84ddacca66983b060536a9d240a5a8d274daa3c9
enron_full_310895,text,f766b8db8ba97e97c6afbbb0a15f9f3f5a4933d4858fe3f6ecc696f57fa8fe86
enron_full_310913,text,5187adffba6c1ca528266eb80b3d9466ed04c8eb771fcbb73d9665980847765f
enron_full_311017,text,772c443324204bbbe7edc4d2cfb168a787945e6347ce3e85c2bf7d6bd5dea4d0
enron_full_313090,text,86086be2b0ef8ef2ff36d2d2e2f11e188aa39133379a1ffd6c82046acde55b25
enron_full_314206,text,6bc85f3c9a08b36ebe54369f825a1dfffefdf9a3157e8f82b9d2a3f1ed814655
enron_full_314362,text,c021dbcf9dff359eeab3ec5e87af6ffb3780e86276a57b81c29ecb5ab240feba
enron_full_315231,text,427e0d7c368ec760d4de0feba2661993ec569030b2bf696156cd3e93baf9f8a5
enron_full_315279,text,774629fff16665034ec6f69ecafb784c1a610a09d068fc4d86acdca3e6cdc76d
enron_full_315623,text,736106c4b0950b55adae15b6226427d335f028c2fc814c531d81efc8014bff71
enron_full_316006,text,4e1a74293a29c7d6e46781c390285b4b4ad4208b74339d31236506f714f1a6c0
enron_full_317192,text,4d085e15b68a936ebe6d25bb838a179bfefffb23173fe78ab942b1f7fd9dd445
enron_full_317451,text,e5a233b8496cae6648e183c764582de9b62f888740c4f98f4428a002f6a54447
enron_full_318133,text,6d36efa170d36cfa67766e42bdcb410b33b90c2cea17714cc682ecd77f4ebd5f
enron_full_318207,text,a5c30bc723a762638abc112466266f200296302396336cd4d9d53ab000e434ed
enron_full_318845,text,e5d902f8bbe5d5dcb279fa55f41708f4f3feb40fc29a67255ed334ace3213296
enron_full_318909,text,c412396432aefa83cfbd9954c2cd5c8af62a369411d31914fdb1d5afd8d7ac4e
enron_full_319080,text,75d03a3183cd3ec3d0e30a56b8659b8c43b102ef93a04c00ecc720243997a9d7
enron_full_319320,text,79b1a3449e88a8c27aeddcce6dbd98aa3f23ddc85abd6fd11882b1617d14d14f
enron_full_319952,text,b7c3f96112c646cbbf5da211d3e838e5409a33ebc9e67593cea3d4bdb4e94fe4
enron_full_320564,text,a7c04e48aa126bd246e9dd769245128b8aade3614c55ad7474889ad5f7a36daf
enron_full_320626,text,22439a2e757a387995017befdebfee86265887e26fc8a11382fb3fde73dfa0b2
enron_full_321445,text,4d45ee16520b51d3b97f5d3bc33f143514a150580ae7ee519cd65f113edd02a8
enron_full_321807,text,ed8bc403b7a172fb1f797d51ebffdf6c4399da23b9e3ef39afc09f7a533f179d
enron_full_321918,text,7bb8756361bdbf12fbb0be0033fa3e8a218fece8659dde7c99fcbb0f03689b38
enron_full_322149,text,24ecacdf53ab7c1627eec71cceb087517e7875d70bca2426ca4f7cc673ae9261
enron_full_322706,text,c428b8c00f6237cb621aa01043b0cf03290c72b25c9ff5e0556a8a859642c6e2
enron_full_322737,text,096f0a98f0caced4837b331ae09aa23150c5bec80189c4a1e7ca191ef469da7c
enron_full_322757,text,603aff3d36d9f233a8bb8f63275ea0fdcd6676f55676ed7ee3dac8ae6834f9eb
enron_full_324000,text,45082669f2966488ee250e7a60f5237631ed2827ee34ea83211ad856987eb5c2
enron_full_324353,text,22bdefc6babf4b4afcdd5af8267b6b6cd843adca2df5bd5df2afe2a80bfecf1f
enron_full_325002,text,e6e578d717e38189ac91505e26272ddeea3f5e693f0969f652aaf8090d85b5f0
enron_full_325131,text,a2b3eb84abbecb4a77557e9a1eeaeb5fd903b08d29fdbd5ef38ec6e0ca33ff46
enron_full_325547,text,afa93443563d4c063af50e48805ad684cdd3e596697636e8c7156d2f2ee7bf27
enron_full_326276,text,3b8297d89dffc8e79a712758dbf4fa64db8cb018e5e3ae1c62cc33dd78de93e4
enron_full_326406,text,cbebff10c4e0d1a98ac622766800e306eccccafbd5011b8209767ab9fcc3f022
enron_full_326699,text,6c9565a8e79a39eca5c8b7e96769ce74eafffcf9abed0877de32b76dd62fe4fd
enron_full_326891,text,c5f39b388615a3c2ad1ea84464d4f1f349908ff7aa0e9e1c19a3a12454f4e87b
enron_full_327398,text,acfbd18698e9a1cbaddf2b9ebaad7d3698ec66ee81d65f7b9c359e5296e3f788
enron_full_327734,text,6ed6708cd95c2e53f9cd784cda5f1720796183d1be831d10dda13fe69c034a33
enron_full_330743,text,2d68814103c1c83b2eb5a0b9383045eb9a14ac029281042403ecebbcbcdc9193
enron_full_330847,text,a3dc3ba4026efa066c6b44ec60d4c80abc8224669ad90ad80a2ab5f3fe8dd5cc
enron_full_331065,text,f821cfb97bda6e30f8cb9bb731f4d895deadf68eeed228ed007ed11050df526f
enron_full_331235,text,d62793ec7db9cad48df172f26473d8ed3d803ecfe657a0fbd389bb5f32ef9ad2
enron_full_331309,text,3d5da2ea3f774da5adff6e276c73b2df4141cae6747663d6eaba8e7733b58a33
enron_full_332147,text,df129b7779d6ef654defad42fd938d3aa4727bafff7f0f85e0cb6311b437e46b
enron_full_332523,text,1b0cd30d9b8d577488b13ecede05343226d9c7e7e3bc2770caf528e5b54f9532
enron_full_333276,text,1392c10ed510558d0fd590718e9474ad4f8fb296a5661d48857d976f86aa6e12
enron_full_333308,text,93b3b94ef5395cb0cb578a3f36645cac1bdc273abbe7bfee1e719cb3b3e61312
enron_full_333309,text,a9f383430f75485f4f01d71ada9e9c8a446328f69cc6a7fed84494aa86f07b3c
enron_full_334798,text,d2bda372638d700740c57b89663e19b1006128284052597a31e00c8cfcd58749
enron_full_335428,text,1de1716d4494318e00f636230249e9b804eb8c43b64073b3ef841247bae778d0
enron_full_335498,text,d75bb04c20f77ad8b3f516010214456fc2d7acb7886df9642cda1187e32a977e
enron_full_335546,text,f6a5650d92316320eff0aab97219be5afc2b3726f2fb616956d4dcf54f463edd
enron_full_335575,text,7b73f90294b175cd63d1867692b455ae02fc2a1e9bb5b5af95f11daef2f17298
enron_full_335623,text,c89c98fdd6fad55b688ccb5f7217ff3d91c991bb9c6d71e741a1cf35080b774b
enron_full_335857,text,0f2a4c51f7f2c44bee258043e72748f8fe9acc83483d061714c8221dc674ad89
enron_full_335946,text,6d2a11b3c872a46f40bd2010e6f5688cf2409e05147b86967043de2fcbd22c0d
enron_full_336542,text,2e628532f7c6a84d6ed5ac73e7266d44e2abc4c3777a2c5ef003062feb971d07
enron_full_337267,text,fab061b82e95cae300873a04d1e2336112010836493d3471393076b4bdfdd431
enron_full_337292,text,a0990ddc7e05c39e43cb27deba26bbdb313eeaef0344ad9537ce8f777b063541
enron_full_337470,text,853a5f5f5a97e7f6cce60b909ef97f1458f1c7aa9f68ea414cac3d009eebe3a4
enron_full_339638,text,20f4485b489b326aa3bdc0390c6d11bd1d9e9b2bbfd0370287d43651993d4476
enron_full_340418,text,ebd0cb34dfcce28ffae2df4f89217a2c4cef7e74d7d7ecc884f4d8fd80bff12d
enron_full_340472,text,6d0b5ba668f5f5e9067ddb1b093861b39f0b0d0efea4c1805dd678b36c944141
enron_full_340761,text,5a0c2cbca37033b48a0b22f409a7c0d4309fd5bf5bb324d106fc33cfafaa11a1
enron_full_341249,text,c972b94690b16cdc8d01867604a21d6e4e5838a839e3fdae86915f8176e452bc
enron_full_341362,text,30b84d9cb4618374966fb49029dd2bac1c2f23e9e497851d6ed880f68d365811
enron_full_342301,text,71a47fd5b2f8531bafc117a9d07be17793e63fffb23dda1ebdc253a33bccfa47
enron_full_342735,text,69aa1e64ace7cb68895cdeb5adcfdfaf622b33a37ceb178989b6be3930d6e6be
enron_full_344191,text,ff4ed2e8f1e1dd1d9d6fbf569321b360780e3a1ee7c6bc4d4c7eed07f844a1d2
enron_full_344335,text,4484f19b327946de41db59cbb08bc7b692d96ba62276adbf8a2ed6c8c6db92c6
enron_full_344645,text,665022a11ace132b44a361d0fab868118b39e2df97798b07fd1c7a9ff0995ab7
enron_full_345595,text,4bf59c0f086d585b76013fd61ea637a00abc0281cdeb4f4892d4883b5632ae38
enron_full_345814,text,98c9271610b7f96cb9fc9c2b9d509b93751b7e671804e9dc665bf37f4a9061fc
enron_full_348142,text,19252b638cc3e265b66781706f05a907b48be9b9cfbd2cbf17abdd38d7813b8c
enron_full_348438,text,39b386ab884d827ffc5103b4fc8478d943ce4c3509fb9815bd91ff1a76c55a06
enron_full_349353,text,24151211838804df39085156f6e0781a1d804d333bd4b7fb9a5df6f1a2dacfb3
enron_full_349483,text,c46763cf14d85860c4f953ab19567eeb0c747290af9455f924ea21b570910419
enron_full_352068,text,f91698e447bbdeebf30f294175063e135cf62397f91105da5d291c5fac8d7e82
enron_full_352183,text,7feeefdfbfebcb5f5fedffff7bfe66f8bbed575dfcffd95e1fa7f63c93f7c776
enron_full_352410,text,dc872fc8916fc0b336be6513defd6bd52974bfed30c227254f9fefa6c7af9bcd
enron_full_352552,text,1bf3bcccada0cc6d0e3649453e5e2ddfb85d4cbfc661cc2bdf5a96683062a071
enron_full_353158,text,436bf955d4991ec5a8fd196d24b4cd03e8dcc61396a7898351df2a3bbbf3d2c7
enron_full_353883,text,be3a4d0fc1d486db1be79a458e7ab304772c30e32faba185b84eb6033465b8d2
enron_full_354290,text,34d2237ad04a99cebd08588ef843a18b75228cba33beb289880a9dccfac6d110
enron_full_355229,text,78d1b70b120411f2f11f82c89a01ad373bae00a880cca4e24aad7d1187acbcf5
enron_full_355694,text,ad7120843c6843985aa98fd3813b5eff1fa3ea8fd2f835bdf8281c976e58e35c
enron_full_355895,text,fdde0b3a4825e3b9fe7d08b98f5bff115b2da3089425accfd03a4a15d71bb155
enron_full_356569,text,107c2e5885ee8e90d2e3d857562425d6eff4a5a66baffbff51dc7f5b7a7adb2c
enron_full_356908,text,2ce2b06f9c08353a0b6ffbe576a496fb74afad58aef449c3a2bf5c2478e3b326
enron_full_356976,text,a5a490e8bbdf9fceac32e75ebd862ae97869ddc505df7f540b7abbe0a910ce71
enron_full_358597,text,90c51b956a8b50dfdf4d0d41368985b9993369fb6dddd69bb9d7f173e1a39eb5
enron_full_358915,text,0140758513060edbfd480660328d976d8129e6ca6cdda74f98f6edb061634e95
enron_full_360085,text,104555b40b293b8ff54c0d40328990b9c038eefbacdcbecf98d3a9f1e9628e85
enron_full_360983,text,d0ed788747065eeff7490ed1331d87edb421cc5a7ddfa60f98d6ad93e5608e95
enron_full_362389,text,14dc533c3b2e7a5efd3e24609783957d933de4eb6d97f6cb58b5097575408e95
enron_full_363120,text,328e4b75211931ecb563cc9b6f0ee00f73500e160bc9eadb0a82125866fed19a
enron_full_363607,text,c77e9153a3689c18d20b99e2a77bc9b06e977717571f69624db27973dee07c9d
enron_full_363846,text,88cca7238c6353f7e26dfb4f2d116bf4508961b6538e7e0815f4edd84cc92aee
enron_full_363876,text,fb9da030cd8f75c03bb2a123963d00ddfefdf7df4deb8f71336d5febb1408cf0
enron_full_364025,text,f71df8330b17217d6067f75c552eecc477ec54bf3bf6128b95c5b33665435271
enron_full_364586,text,21c72c2f9fc014b5e714317b0bb54c49f29c3c5107b1699601ce2affd91d5280
enron_full_365105,text,a4f51089063e24caa82a74c2f58c65ea43a0b10a74071c63fe34c3029ddbebd2
enron_full_365478,text,b721ac08681fc832c8ebd6492d46f7d4589da1bee3feba4949bd750df681c7f3
enron_full_365497,text,9510b8f4e3d89aeea8e52b5410c6c1766f19593f8481078decfc159e973674f4
enron_full_365509,text,13d5b03400ea1d56c17ed2505afceda6927da224b12998cd2f6ef8b03575c602
enron_full_365947,text,19415821936ae55164a296ee8d7d917f33b44c65a46d4c91bc773a2cab5c5c75
enron_full_366510,text,ee16c08ea98ebe362fc85a38f17a05216c328c081824f6a25949e190386e6f59
enron_full_366895,text,34cafea499014c9d6174546994776bdc72efd42530bd2ef33759adc6cdfff8a5
enron_full_367052,text,48b57837c192838f198d898a420db3312b2db539e99ce2715569b2fc3f917a54
enron_full_367129,text,777588b535651423c0c94b9a5471604f5d1228f17f9fc77dd22547120e83a215
enron_full_367319,text,6cb354910f9702aea522f6913785752824e8f6d7067fee2a8353fca9383ff611
enron_full_367765,text,2ca6ccbabadf9f0c3c02673b76fc2a3df8a31fd2250f7fdc669ed3f8fd01bded
enron_full_367912,text,f3762a57f0acddbf678b2c2773d2043a8b6b0afd604a6e4f6319e7fd7f677545
enron_full_368156,text,cc3ff35868b9bf6df968b2742c5dfc1e58e03edaeade11fb4ce759b0feeda45f
enron_full_368318,text,d1f02f27203a84d559eb644cb37177bcdf19c7ed2a247e098123095305d73853
enron_full_369168,text,84b4a73a71b6c7ff63f67853483f85bfa5d57b15d4105f9592c2704cbed4d1f5
enron_full_369419,text,a5dd9db91604392c0b6adfc16f965f5e31b1a173d8b2e5f55df447f58a026af4
enron_full_370439,text,8bb3e453a216c28a37f3d7236119d6b74864229a6af6b12c2bacddc08bf8d746
enron_full_371121,text,7bd0bafd5e7877eac5daea4d7a9dc426d79b2fafce646ba7fe4b3451e49a96a5
enron_full_373728,text,e6da0ad86adfc92eebb2baa23a0b1d89cef6fdd408bfa63a54c1ee4817cdfe60
enron_full_373978,text,c74af7cf9b010046d1991afb00713506f63b25fe83471395e2fa5bfff3863fda
enron_full_374719,text,c2031f2a5509ae373f362de9e6c18a6978bcac11fc2e459fb3227606be0c8429
enron_full_374736,text,60bcaae6d4c1c0626780b47fdb2cccc740f7cb84f35b7372c1ce2728db023663
enron_full_375606,text,12a4d703b3d09abf306fb373ae29463ed14dc8c9ed7a87970bc8359a85819e01
enron_full_376013,text,5feefbf5dbc2b0f55eacffdff3df12701f7993dddcd7f71f7ffffe15ba2abfdc
enron_full_376710,text,f88586193ca6e08fe8d8ccf427e34e24fed5adfccfe4ef0276bea173709c21db
enron_full_377221,text,af315bc76235862dd22d5eb9767d6f505a9e5a2ca418dcb1aa78195475991715
enron_full_377377,text,80667ab1ff1b5467fdf55e2af7af4d914bf5fb88f7b6a12ddabdf43a8eae0ed5
enron_full_378712,text,c475d2979ea6392690feb46b4fc8dbb16d99f44b54e61a47cbe528aa3b284d1f
enron_full_378826,text,24cac71ede33030e43a77965205b0736486b6d271b5b64a70ab13c398dfb4632
enron_full_379382,text,48182f6b7e037ece93cd511048a43e15d9212d7b9dfb3bcaa672a5c7af686f9c
enron_full_379515,text,f7c806a93790884faedc528b1b96827abb6f5748d0f7ddd21c0736018323ea49
enron_full_380183,text,4deb9ae3979914b7f5ab26e5e5e8e2aa5d04ee9f3f188e02be45d6c3dfc3d329
enron_full_380419,text,7ed7a88296a51bfaf44b40513ec32308d72d193d17c9a7cad8e311f96bb0780d
enron_full_380667,text,cb1f866c862dd68de4d4f4522bd5e186f8dd48db0017639d38a9ce4d248c5225
enron_full_381275,text,131f9423d88efee1d282d7f2379e99fb3c661e99306756d77437506ab69f9f8b
enron_full_381430,text,1c907168032506466d7ebe8fd4080e0787205168620a72ca717c0e1f02f29eef
enron_full_381540,text,ec96d60616fb71648b02eca3500f1c1aa7efed4ba9567cfd138dded991b31074
enron_full_381912,text,2eb2dd5e3aff86f87bcca3fd9a1b32646f2d3c71edecedbbfc4d7e0cbd777def
enron_full_382401,text,45f96674abf239df06b528b33a7b5e63de434272432770641b755bea39dbb872
enron_full_382476,text,745ac3ac518ed479eb38e6caf020f94ece0f9f0ab133d6c8297601e70c36f811
enron_full_382877,text,010def3478fa022f61fd52e2eb5fa69ab4f51ab40f0eb727b26335b09e87266b
enron_full_384162,text,0c084a41416716b2f07dc8d3b73425d85a51735c35b9453ece5930556bde8efc
enron_full_384461,text,d76fa1fd7bb72c213f8325b0b3fb7a176b914864d9053326fdd7df9f6bc85fdf
enron_full_384653,text,1a32f7881179eb7df949d65696e1df3f9cfc0f9a6febdd869de19cb1f642e470
enron_full_384988,text,915559198de11c0df9d7d2b046a47426c7fc2ab71dea04a199e094a7bc244abb
enron_full_385098,text,c3186c7f2951895c6b3006d514e130a240129447d9b983f7ad8e60d82338b05b
enron_full_385839,text,b3f2fecc9ced8c7fbab04e7123c16c827f7d6b124da2feaa9375cdf535cae396
enron_full_386188,text,f78efd6b48df19aa675ffc71bb7ee89aff4f8a8b3c6ca61a0b3d0754da3267c2
enron_full_386616,text,03f9c4110e1c7b2bd9290803298044984fc3d786bce51db5606b5bbcea3fecd9
enron_full_386731,text,75cc34768cb34d33ac71b7bf383c5d745add5a2b6f3cb1e65cc00eadc60ac3eb
enron_full_387578,text,b96fd9b87f31d8575da6c19335a446be4dba1c26d4d72ae2403153dbe70ec5ba
enron_full_387701,text,b1cc20c2d486cf0bf314afb89174c24494b93db944336f0faad79d376d5ae025
enron_full_387952,text,d1c19a8c68f2b42afafd5b98e04b1f7ada5c325bd858809ac2e6c89ccce09219
enron_full_388565,text,bfb4f6b9b18ec2c92ac4dbfbec2eccd77886dd8233469ad1d0e0cd959d6d4fcf
enron_full_388921,text,0ca79f5faad10fdc99180f5be7b33a0b1b746a86040fa5114e51419cb3941695
enron_full_390158,text,718bd1feadee036aa1ea6c1f988119e608cbefa0fa9741ff318ae95a24b36155
enron_full_391047,text,dcf7b43a77ac17170f627d5c59a1353626cd22e50e0c3ecbd2e50fa73dacd075
enron_full_391217,text,c04c57f70373425539d6a158e254f384ff9e961f3dfe8ffef06551878eb72810
enron_full_391486,text,b32135de38ba4049c5b7e60623a0d41932115c7d881152ec9061d43702386d4b
enron_full_391746,text,1c95846753f661033ac4227014b683a4901a987ba11ad9322abad0330f06c667
enron_full_392955,text,3302d39c90c718418e6d52695c310d146e6d0de49a954461d5d3659259738ae8
enron_full_393136,text,910adb1c9ca4fe7dbdd49e83bfd5f6e6f9fde20fd069ada03ce38f238ce53e9a
enron_full_393487,text,ee9fb759ca241ea4ab19db478d39fad6f8ddcb0280968ebae87911fd24227d5a
enron_full_394271,text,cf6b629ca729b761d8bc62fe9c3022255c6729ab8e717a09bbf9d94a3b813228
enron_full_394331,text,a9264d1610eb6a333590f1d5762ab3a280c6c89e1b3aa7f91acbdb380c043f2e
enron_full_394348,text,a2c473df74c917c5cb79eecbde1c6514dbe6eb3b9045afd20fe9ac4d04ad36b4
enron_full_394407,text,e85930c10c0174e0ebb257fb39a9f138fc3744c8967aa3b578c5e23b36fe42f8
enron_full_395301,text,6b62f71b736b994c936d69ef8d6bb4acfdbbe6f5986726704fcc22685d990b85
enron_full_395725,text,33a20c0c8ec25ec43748e81d09dcbdb695830fe8cc3215a3524bd9b86f9c109d
enron_full_396292,text,0e5ca41deaf339c87b645cfacec1483668a61342d5d9f6c9259a7f1d402d2eec
enron_full_396812,text,9b09610014f3b1825a7b3ffbaa96ea108745a3a3c4c29b7c27b381b947005a23
enron_full_397391,text,8fffde593dbfc2fceb739ac5ac5db7bf8db4f6e00c8d71ca05df96e993675bf5
enron_full_397879,text,2624179fa99b5cc0a6084e9b4f48de297befd34f94d6fbc2fcab5b59b14ddedb
enron_full_398718,text,3cbb3375806bd974f95dde4659b0cf6fed07cf0d85f7fbe2dca911c790e60ba1
enron_full_399591,text,a73a8035aadbb0ceae19efbb8203aeef5defd3cf95967ac804825a018d15dec1
enron_full_399779,text,c307fa15dc6da5a495d3b8b4ae9d4c5cca0717e78e79ad73c86c591ca6e0b264
enron_full_399917,text,973e6496f1872dcc1f6650d37e2e9782b7b575bd2b0c574bea5480d0429c3bc6
enron_full_400523,text,097ed5f645e6670f0802fa350aa291b3f7abac04668acdf07237a944330fddbf
enron_full_401763,text,c16e879ce6a245d29a11ab09a43fbb75080c60efabd703b7c096727053bfde6a
enron_full_401798,text,05b49de8fd78fba79a72a838240fbba5693261f6e95c40cb10e272fb678abe6b
enron_full_402233,text,e4753990f8b2e4ec45ddb10c67d26240e91ca5e0ac5654cccd4b876e10c785dc
enron_full_402310,text,5c3ddb3bb8bae4ceb650cbf4b6a8d80e606d7e3a10fd9cf809a51bb8926d2110
enron_full_403001,text,45eaf14a595ba4dfcbba5a9268eaeb0533766dcffc0c81af5451da5084ac5bb9
enron_full_403036,text,ed72ebf0e5abae0c7a165357b8f099721a6ae39730faaf3dfe890388b8b930d8
enron_full_403180,text,62864b0d050ab31bd28b3cadebd779c780f3ddbf87f588e1919d58972742bd00
enron_full_404066,text,5f64efcdff6ba66efcec57efaeeaedf7bebd0b3e4d777f5598579e7fab7fac2d
enron_full_405218,text,06811341b378e741d682c385b7ed183ad66e2aea2053ba992e257a3b698598c0
enron_full_405288,text,0a859be490f84d82dfb5325177e1c9a9d938cfdb4ea70acf990f075e824f89e8
enron_full_405421,text,61974966d1a045a3577035fd3b290b7bc659115a1d6e1f92d2a1ec0dfa52a528
enron_full_406531,text,da9ab0c721f5f7e472be05647d4de124a7ae54c3a97f641f7675bd0ae10acfd3
enron_full_407210,text,501cda7b72bad36e88c08815400de08d2420f9e48f5d7b52b876977990915c52
enron_full_407416,text,356b6433d358470c64b6caa3623474364a399da36bc79b7d853113fe22cc27d6
enron_full_407459,text,917d28c20a1a3160362efbf4361c8274ae1927f600229e202fe2591d85491b18
enron_full_407590,text,e491a2b0ae48f52291e45e1dc4a0cf187ec14db915c4208280c43373d48108cc
enron_full_407747,text,201b5e295085c461b6b5ed89f1b59dc81137ab8f1c78bdb9f5ee6c9bd8d435b8
enron_full_408988,text,d35bd8f91446f37f799461eb4d0f0164ed29fa3374173202f42116ee3b6b7936
enron_full_409260,text,85f9f4e40eea7222e26e38fbfc56fb8f3b27dcd8fbc50e1f46fff6122e87cffb
enron_full_409276,text,e5bf1028699605f34f5bc6360d307eab2ca2fbe6190a73cd2caa66f33d918d4a
enron_full_409720,text,064150527cebcb5f97fbaf5690007d4ecc97379ac4d980a48bbc0637a8e123d5
enron_full_409761,text,92965f21042fdb5d73c62f5e1bc66590463742b0be2ccf14ccb17dcb8863a763
enron_full_410980,text,cfd291ef80059b9e39f676afdeeb33cb6c3dce2e483836709459ffb6645c77a2
enron_full_411073,text,426e1d7a0319b42c2c0235b2f4c0a23d71f00d4a17043ffb86964bfc39c5dc77
enron_full_411853,text,0b54c07dd89d2cb4e2a35670935bf78c6dbc3aef1fdcbb959ca1cdff73745c35
enron_full_412435,text,4517032d8ee3f2f22ba6e0e6b5f545d1f73f498e46eca794e9febdb98916d61b
enron_full_412836,text,405de2b1fb6c18cc1721abea78656399c6d252fef4fb8be22c3e072c3c2fb4a5
enron_full_414414,text,c1a7edd23ce287e638fde68f852ab410053569693fb6654e58711398ed44b010
enron_full_414620,text,7be7cad90f78dc219b308752c9cbefbb93cc5d81cf3d8b39a9cbee3c6b53bbad
enron_full_414624,text,88759b81fd719c6ac72c768e46b03403c986baf114bbaaf8eaac9d9e56c0f435
enron_full_415032,text,43bbf115dcfb4e49228303e1acad0f4542a80d03c5b7b97621ad29ee248c3252
enron_full_415416,text,759e95525fabb570d734cc839392555cb89907fb81c0ff2f73a5f3b34e79f679
enron_full_415425,text,a1b347edace4dc837b345c2d066577a41b459f5b73a3f86398c91610788090dd
enron_full_415589,text,956fa46bda068140455929e130da89f42d69199b028bafaf8727aef667f89f69
enron_full_416173,text,4571c098ee751237f23444f6f3c45a3147be55b62cdcba6dc8cd5c6c008a90a4
enron_full_416275,text,54e8424498e24d361563ae6cedef5ebff2881d3f57141512aeb5ce9c7aa75dd1
enron_full_417397,text,29fdb90801a0e91091fcd611961d46524a256788ee73a8e3d9f58c852123b056
enron_full_418145,text,90b90e1fa55348281b2d201edd8e9132f2a3df8b7c89bf1f016249e5728d1412
enron_full_418173,text,e78f284d2a3a0061da4cf55ca517b630ebdba4c8ae2e9931c4fd4e2ae4427ca3
enron_full_418938,text,0dcb45c13ba587f0d5db25a0345b6f4f3d19eeefbfdc3b1ba4d34df2eb66eca9
enron_full_419715,text,5f68f4fb747fa36f84678e70dea1bc7586034c5f49b3e819fbf763d17c6d7b2e
enron_full_419787,text,6f4e2c5a2eca628ddad93e3ffe0650024b16c5b408f2e0b9c6933dab850a4574
enron_full_419936,text,eca7dabb18f6b3c2d518f7eb06d33b7bf83dfc238135817ee57bdfd6388aa317
enron_full_419992,text,b64a2315f3db439ea22c2072f4cd95ea429bedb46a1801d45aa3fb0783e07b7b
enron_full_420340,text,26ebb9430c698f7cccdf27964cebb30c5729279cf1dd55a8c243365f270cf95a
enron_full_420635,text,aa627795c6edaed1428da4243f564d55db44b3a3f545b30325e46976883d29c7
enron_full_421070,text,4c2163d9d78bd46a0bebc14bb7c85b15e2d65f22ea81412959e4e5fbb245b8b0
enron_full_421581,text,3be3101fdf10983d7a3de6d4294bdd3f1b31587ab482df8451f84fd836236cfd
enron_full_421659,text,871efb928c6b1bdd6ed73df1df9c7ad4dae7e675fa398cdd7fb95a2fc5b6beab
enron_full_422214,text,6c6ffbce4f3b00885f3010e8e9fce6a9d8590b7b4b23db09fd943966c04b9599
enron_full_422408,text,355ec916f43387ef914954eaf12bf76083b474660ad826c888222ec7f0dbfa23
enron_full_423045,text,8b902e5976cea7cc288dc1bfdaaca9cf4cfbd5efa85bf0cdc155df7f8a5f04fe
enron_full_423694,text,c3a9e1c8880ebcf9ce2b144041ee505265944f949b5f88bd61e5b0a5b21cfc83
enron_full_423789,text,940f3d001ae822fe2d75161f23f3d5558f934492c333d9f4ab31dcda3db276d5
enron_full_424183,text,9b72f90894e174cd2b51867696b0552e4afc2aba99e5fdaf9df11dabf2e27238
enron_full_424691,text,e78e2655799c2776e3ebe6ea0e1bb27743adef1fbafca1438c6a267f2e27115e
enron_full_425035,text,04543b7f3ac713aaabeb50f25f3433a62f8b24392f987440906c7a26895bb752
enron_full_425166,text,0d13465ddcc927098f38c3576ea974a4403c72b35f33b5bc8ab748bdda847eb1
enron_full_425789,text,bc88d53fbbe88834b92c50966468af62e92357cc121e5965122431fa20725dc5
enron_full_426054,text,82756ea379f51717f7afb65a69effdf7da67f656c0f95e2d5eff6ff7e869db31
enron_full_426288,text,a10e321ef61930707e427d07ea0a8a6757bd8e15a4a2fea5dca2b5c512240fa7
enron_full_427733,text,26b01301de67a7226749876eafbe6c1a84f4310186811dddd6fe025cf895f200
enron_full_428515,text,4e223b10a133500c96021231b3b8f45e69e0c08259f8ed85ec37c4e4b0968870
enron_full_428895,text,0d54a54328258858f73f51a286919f6dad89acb3c5adbf14a0b9cff078e40019
enron_full_429441,text,9fe7144e9fb762703b6acb4a7bfbd10d25eb8ca7e50f50620d7b747ac1413316
enron_full_429986,text,f61efbfd7e577df70fbc04165d2f345fcf68aa873b06d6d0caca1a81ec9d2ed0
enron_full_430065,text,358b72ba101fe0746d7eed1db657f5a6ed57ec0165c18644e39291b767f49c24
enron_full_430260,text,5d746849ba8ea73d3f6e35cc3abdd4bbea69daac73e69fc56ef75b70fc9076d5
enron_full_430592,text,346b1609cfdd85cd9731ad549dc87bbe69446e6ac4f8d3a610ffcda98b002e64
enron_full_431423,text,a23ed9d4b9bbbbad135162aaaffb39186b4e7aa575d9f7c006e05cf97303b226
enron_full_432116,text,e7f21ac85fa5a73cf5d6c75434d40f2da78e5c2a7cfde15d8350b757ba1971d2
enron_full_432508,text,35ddb83bd0e8948d3723e0769bedf41b62d0829503c1d10ffeb37dc3f2d09d3a
enron_full_433686,text,b800135646bd6df073b59d37c06d5213726323375e8c4f3c6c8e95c8ec88d922
enron_full_433711,text,f0552479213b94346ea8812800e9565b9e0b31f57db666a0d1bec2781d8706b3
enron_full_433823,text,58ae874d4825a8eddb7d694df5d3af784142e93908319970b3d026ad0bb74fa6
enron_full_434515,text,16ece19c0dd201d988b7750fc9f9ca37e48774887e75c830c45d0bd4eab9abd5
enron_full_434661,text,1e40b382a99d6dacd5983ebde2313513a9b1591d8e1c42b0fecbfd56e6970e33
enron_full_435743,text,4b041ed1c42e92bec2d9acfdbdf1c454d90acbf5c88faf8486392f4b6d708595
enron_full_436019,text,e6befd786c71e04165d0da766063a7aa1cc48b0f25b1c30653ef8bd7f5c092b2
enron_full_436309,text,4258890c8bf48569b73c5914f7c909ae5fd05e8bc851a7d120d5f823260f19d9
enron_full_436431,text,239dbbb732ab0269e03049fd1cf62d353e77db4694f3f0437a41b49407f1a0b1
enron_full_436454,text,5cc9f1d3ae330abc4dfc9c00f83d1bc6322ec3ed5ed9ad45dd8593d8c06782b9
enron_full_437873,text,b6f1178a8e3c0ba6141e7a78949eced35fa062f05c0d97955f34b602aedfa6b9
enron_full_439573,text,0e039f99b114c5de497cb59f7856636f9d073cff94bf5822535e5cfb2d0ac803
enron_full_440276,text,dab7fbaf6ef76a388dc1cf1b9e82757dfe04871e1e74b1cfc2f3541dbb4d1bc1
enron_full_440707,text,9b52f90894e174cd2b51847697b0542e4adc3aba99e5fd2f8df10ce7f2e27228
enron_full_441744,text,9f77fc00dcc79595ab1ec7f497e55f2f926820be09e46da3b5f1d8bf34e21322
enron_full_442093,text,57f58f2d8eeddce8cefebdfc2fe8c6fe610c77a709ffff3d7eeb7fef9bbca3b5
enron_full_442322,text,3a39e15998ff62f6ac3b4eaa228092778123ca9f5cfc77de6fba9ab938d736b9
enron_full_442524,text,0b921b0aab9a159eed453eb34c2daa5777192476a7859d0f966ff0715e1c3727
enron_full_442558,text,489f6dc7a181b813e7db6fcbb0d1f5b644fa88b3c5ba52ded4fb1558b546f63b
enron_full_442662,text,bde71659392b9138d22650ded8e85ff8ca954b8d075b8973b9dc1a4735e97462
enron_full_442954,text,b804672a71cf90006b30e74b3e526188bfd731a104a97d7c825c6045edcc5927
enron_full_443309,text,e95a65f5eccbff7aa9f314bafaeb510ff04559e321bf6dfadb1ed6bcc66edffb
enron_full_443772,text,4d3ac94cd68fd302b92f7419457e398a62a7330dbfc0b570ce324098db23a9d2
enron_full_444240,text,c3e0e999ef3eaf948769aa2732ad6c70e3af4dc4d6fe934c4c2bde674550d6c5
enron_full_445163,text,2038a1c4ce0f50a1ef00898f6fd9a6455e5735e992a730af27a4ca8fb9e32c6c
enron_full_445774,text,c78bc6b39c27ed1a72f7b138b40b31b55eb49f79b5b2c963802b5e33fc03b4b4
enron_full_445830,text,8eb427ed846d72d75a6127607a54c89af98b22d6cfbd1a72a0cea171feaffe00
enron_full_446457,text,8be2561a4672cfc5f0c74936bf85567e60cb48a441450bbe1cc2b43f9aea747b
enron_full_447336,text,96d8621273bf496ab9e42d8b865d862e0c1c4ccc55b6d7fdfcaea9fe0578b4b0
enron_full_447596,text,fe43a7b3178939a11baf5724985bf2d5c34a6e0a7e9e936b4e5c9e0ffbaadcda
enron_full_448246,text,7696743cab82f0c3569c8693f3b398841498f574523f9094bd1598758b9cc734
enron_full_448315,text,428ad8fc5336e409e8e8edb9e13b2eecb4fbc641547b94bc01a4140d5bdc8e81
enron_full_448897,text,469c75b08763a0650eaecc91f963162432d85c66714790b2f5bb164d03958424
enron_full_449771,text,1bf24a85139f59f41ce47a5ae2a213bd3ef0abda2fe2bd23c7e7dce47fa077a4
enron_full_450293,text,17d484008593fdea9ff09254f4b7748caa0e2aaab9fbef38b1d079bfac78729a
enron_full_450584,text,afd7cce955aefedc0b7876fc5fbd54baaa6503b338c3e739cd68d4e02eda9e1a
enron_full_451624,text,ca9c48ec60e768f9eaf97a0211dbca5cce1735bf0d3958bb49cbb2bfb4f7b5b4
enron_full_451708,text,83b184d8149b4da887423616ef37548066a640e9b83faf337b80b9206c19545b
enron_full_451980,text,6b8ab4d0710afea1ba7f58f4662c7d8856ba3c2d804f87614b6a30e0a9f86e8f
enron_full_452075,text,0b4bf2aa859778bd522e6f21699084d29945e21dbe1161c7718004f4196d59b7
enron_full_452624,text,76c7a0d9b2aef5aca43ab6567e8b7c95be031d2fbcf3cb59e34e10f29ece4913
enron_full_452665,text,ac40631ac875abf4d132b7ca2b386d2a65deae32970bfcffb912cbf1f4a1729a
enron_full_453158,text,fd2545eed67cf350d2afdf7077e6f8d8296708f6efeefa1448be90a76b9ba017
enron_full_453577,text,15f1154ed7a0b39e425376e69a94ac2daebb96fddbfbb12e1bc1dd1788e3f2dc
enron_full_455974,text,dca35fd6987f5cecd62e8ab01e6ac51077624e32e56033c2d3ea31648baf2744
enron_full_456283,text,ff3eed91fa9fdfdffed54b7afca7edcdfc67dcebcf7ea5dd2efeffb3c4ccbe7b
enron_full_458074,text,6cb949141af10e61b8fd9894ef1671ae2a51e6a43981c31cf0f17a4eb83ac7e8
enron_full_458660,text,f9fefb5b45d4d20eed0c9ff5de6d3ace9f1f6bfbf2ffbe69a91afb5ee7fddffc
enron_full_459917,text,e2b0d92f499b169df9bbb91410f54708c9c5b5ef4dd7cbe326163da4f057e8b8
enron_full_459959,text,24ec9c264ad6be1e6ef271fc6eaccbfdd332ee9b2dfd0b417bd6f9af2d79ffc7
enron_full_460573,text,2bb356319a58e0ed829d920ad8f509aad7e6942cbfeda590aa5fc2b1fe8b0252
enron_full_461053,text,ddfbe3d864026472f18d0857f479ffdb6b83e067e6e195e2629a8c96eab7a971
enron_full_461203,text,509525eead5963c78be527383dd5204ce8c592eff1918ebf222bef8fd16812c5
enron_full_461474,text,44811e618030ebdd34265ecef5a6bd06ea291d8e84c271a91384bcf2c6f5c840
enron_full_461621,text,e99a92a4648c033579f09fb6bc890f6eebb7f1ddcf6c64392845b8bdf5b350cb
enron_full_461648,text,591699e768ecfdb656dcfe463567b3d45b57a0bfa87bcaba075f1b1b614797ff
enron_full_461948,text,65d4932db4a5983d429d9669353317900f75dbb987a08fa01f7d5fef66de5620
enron_full_462616,text,182ab6f642a880f9716738333e2c80386731eab1e20e3bb09ed9375e300d232d
enron_full_463151,text,9123808db030caa728e38ff7f8f7283f4352499d931b24f7f0d83b86dc0fe7b4
enron_full_463936,text,4bf4c2d7e714ab43ed3b50c84bedbced6b49e957339edf76bb7ee7c4259b501b
enron_full_463955,text,2d2e9903c25696d8f48d1c7f79045d774a96750d1bec06d8eee8145c651367a2
enron_full_463976,text,e8265a0b4ce0831fbc25c64215e51371533953bba2fa5f38c179729e40e6f964
enron_full_465574,text,7cef15e55f40bc9202b8ff7bbc2164685a3fbf8e731f5d2e7f58c078fdd3fcd7
enron_full_466018,text,af6c8899555379c4bd1da5d29acda8693c4fc000a2441a1a3cef1ccf66a372b5
enron_full_466387,text,75cfda8359ae421e07fedba540bd4b1940848e320e786736ebebc25869033451
enron_full_466533,text,6e5aefc8a0cd88742bcc0246ce25587cd735c53999836a4f59b20802009937f3
enron_full_466708,text,79a318e28d8e8397b53531472a05661b262f5108f3a969c085fe894c3c4aa2b7
enron_full_467278,text,f058da6a6597c24e82f160557d71a965bcce1bd6dfd7d64c7939aa28feeba1ff
enron_full_467576,text,81de13ad1f28fa8fab848d444df17463e9c724ea2b55607db13d60ec83bf7dd2
enron_full_467913,text,c574a39d30e5aecdfe5d92587b73c7934efbcda5e668db88cb2d527f3ce7122e
enron_full_468001,text,fcbdefe7db22acaf7ea747ffbdff7bb84efdad2ffe7cff9361eced74fd777dda
enron_full_468241,text,c873ea8a3a5b408dcf31a4a162614217a0f3deb5310cdecf230353bd91455ab2
enron_full_468948,text,d41afef5d527af56ec4af709f98db8de7bbfafe77f8f94e0bca7695f7f479915
enron_full_469104,text,fcaf6424cfc3f3b06d9346bd5b7b0080d9f7c251133e8e1713a29214e4a1238f
enron_full_469441,text,45ded3f8aee99aa4d0797d4b40c3345f67b254b45e1bc3cfefdaec2efe19e5db
enron_full_470510,text,fde5b7dab4d8f9deafde467bb23ac7a696efe59fd1e1b3daabfef68dd05d8bf2
enron_full_471172,text,f7369ca2e3a4da2d1ae9816327862d9e4965c5514a302bfb716c151878637b69
enron_full_472398,text,b9b61cdfd0dd42d9dbd2ee532ff889905389c8d80abd04ff3dd7fcf7ffbcaeb3
enron_full_473353,text,fe66c2d037a415f8bbdf5b76de70331854c92fc205142ec28a442f7d63cde314
enron_full_473987,text,d93c542be1842d9c0bcfbc373eae57c4ff8bf2dba6fda90dff88df3cd7346fb8
enron_full_474902,text,87fb518baf3ee1a4a6d676d4a27592aefad81dc844bccf409aaa699565352fc0
enron_full_476646,text,f7268513d63f98b5adde8b2144550b199d6d926ba06fc018cf7e41d5cc59a8c6
enron_full_476866,text,24ebe94b1cfc83eccddf259c09e9b34c173d2730b0cc15a2c20bf75ba70cb95b
enron_full_476952,text,4f896161a0f6ccf84d9a96d0b0ea7c81397a0eba8713d2540d488df4615033d4
enron_full_478933,text,fcc85b95785e2d0167ef43e5d78ea02b9334b43e8d8f86796ae202a09dd09fa7
enron_full_479947,text,e12b3d232bc4035f6d2a4ae3c8358c8e81eae9dce025401f880987cf88f41011
enron_full_480468,text,0fb699bae0dee1df9e10383849fa05e89719c1d7812889b8436dca5dd5194487
enron_full_480848,text,03cd77048cb44f26b7dd4ec5e1b5080b7ef3d4652527b70049cd1a5e2f4b89ad
enron_full_481384,text,bc2c1c3f2a6ce8b53e7114d54f7362aa48e5874b35073f5800c6af4972aa9ef6
enron_full_481691,text,45df62b59967fa7d0824cee08abeb82f248eadcd0e3288467fdb4cf7064e0d76
enron_full_481940,text,b6e752d71b5f1db7e7c641886dbc5d045e3bab78d99e9beca46051fe59cb1031
enron_full_482039,text,d547ba1a221d44976af85b5743b6eb0007ce8eef544e201f34afb971c5405043
enron_full_482398,text,f51c8aa0e783b10d553c72cf36442821727acd27287863b9ad439ad2b34a13ce
enron_full_482679,text,3f3f2750074b560413344c1b5a31e38a878eae320dc99b0301b24a21f1544837
enron_full_482700,text,2e8648ab7c19ae2a78dc181cf498bc2fccb463a83592fab7475b32fb8fa958a6
enron_full_482778,text,51ee7038ff641f0dbc7940ce81153f1307e77fcbad3d5353bf40180526212d78
enron_full_482919,text,173bd17df1cc048e0db797f691b03001595098ae0ded03a36fb89cb146e67287
enron_full_483941,text,cf78b676e43246c25c13a93b9b08b5041def50cdf7546f59587194c5bf0f681b
enron_full_484013,text,1a358010baec56f9bf19856e83bb53b35a2f9738ec31fb1994a719e01945c3e8
enron_full_485161,text,408ff8c955d9fc69720ba38dc028763fc2473b0797e2c9e1edc7cfa6145c4aff
enron_full_485319,text,db52641832e146cc41d195205e30514d0a4c0aab9775dbbcc5b11e0b76d4ba38
enron_full_485507,text,4e7632b72c4f34979b42788adb28a550e5be2bc26cc724ef28e3979cca6de028
enron_full_485652,text,d35537c594f5a67ecabd7b11bec93d757ef3fa88551f3ff6467fbe56d3bff9fc
enron_full_485802,text,9f6d9541025900a8e58d2cdd0aa21a7f5080d4197e3ade7633d94b56d6aa0cec
enron_full_486590,text,b74da2dbffdd1fef56afbbf3fddb05df8fbbefb771f8ff3fef7fa7bbd5a7ccff
enron_full_486718,text,f579f814bbbccec24739027154f4f7bb3a8caa7d97686180c776be8acc53b84a
enron_full_487009,text,a7b29a87b6d77510360923e52492a41353a610f82153b782ccd8bd548c5999b3
enron_full_487095,text,8b4a02b1e28a46fc435388312337e9911eaba1bbe9c763b62e849d74bc85fcc5
enron_full_487221,text,49204d5be70df17ce9fcc4d15d807ed36b098abd5cda1dd081590345a9213a26
enron_full_488455,text,7af0783b3feb328f86ace8543e0b385818a0234ed7316e1c21b26ed6963540f7
enron_full_488704,text,24f5485b6b9b326a83acc039006d119d0d9e990fff52370283f55a15991d44f4
enron_full_489126,text,1d2c5956e177372f8e85684156f79383119d7003126d43d79f9e078da3e2332a
enron_full_490171,text,fc03028acd4fc00ed818a11dc99aa2b1ab79bb89beab9c63fad723d5fb2a964e
enron_full_490913,text,8546f6066a733c2c7ae2598ed175a3dba276ff7273bcdd2b2c409ee8347d6d2c
enron_full_491597,text,31b158b602a2990e19a9726667c4bf10c71300380de5ff1aeb61b30ec8dbbfdc
enron_full_491993,text,4752fa852ad3bee3dddd45dfdac7b95b540f23202d8e9afd1c741d844fa0afb9
enron_full_492310,text,5646aa66b3fed4d6a3bc5a799d3d2ad1908ff96e39de7aecd168b2d6f9adfbb4
enron_full_492624,text,4d49cbd37b10db940d0a9a15aa7b55dcda424c91d613cb182e17a9021e7bc333
enron_full_492762,text,3f0cd591803ed91239fd5d2c6a2bdc89c032db57e84398c0851d209120d795c1
enron_full_493081,text,93ab76a3602e288f50000dc357370f06abae1fc71f0324f50b22f360e7995874
enron_full_493173,text,b09b82eefdb35f43f5b6f463bcf58cd59517d430a068ee0e5eb3b71abf0d980a
enron_full_494836,text,b12d7b1bf97da03a2b4cca0e5dab059c57074c51aa3117ec1ea9afceaac387a8
enron_full_495207,text,ad1c01735710d02efa9a51ed62bd241733f7a25f4ef39de928673358dc78c4ab
enron_full_496303,text,db6762d5d54e90c21bbe248acef5ef4a6f238e8f44ad71b1416c83ef4ae6dc4a
enron_full_497180,text,d332c941a1fc99692a12b9809d037fc8b07584c9b6ee7727b3308da006e8d6ff
enron_full_498346,text,ea51ef0b91b293ce95123bd2e53eabac5c1e9730c93fb87ee404a76a6c0a219b
enron_full_498425,text,a2c050fea9510fa94ce3cebc1f1a2c41e8d70387114dfa85990bea79663b1688
enron_full_498832,text,a4a1dd2d498127e565efaf5725c73d45eafd5bf75abf2fd96cbaecb53faefff5
enron_full_499190,text,68cddfff31f8439ec1c07b119d4fefdee8abf7f6efea47df9f95d663baf3e106
enron_full_499335,text,0c6775963e1b7569a346449c33cf43162f41a6be5b1b0941aa3b6a41422cb243
enron_full_500125,text,b50fbb36989469c28fc72c0ee642af027b6c96a2f914160fa95b4b99d0489118
enron_full_500480,text,7fedcda6f5e9996ac8fc79f5d9dc211f1e6afe7dbbbeb956ee74e672bb771c3b
enron_full_500856,text,b5bbf8e509c346217e53bc82204f8026c6fc09a8b91d15b7902705b60be99aea
enron_full_501389,text,b3f542012f975ad4ad596532513bee38205480747b47b58b0a688748be1a2dd9
enron_full_501995,text,f98cfeb46ea0cb4049028055d3a6eccca6412bffc249e3261204f05ac46f4c97
enron_full_503996,text,ebc67709d0abd04391e4464cd23ed53e67c3fb36959988ab0e3e04346db05081
enron_full_504214,text,6a855baed5fdd4dafaa877bc3397257b288211febbd34f3fa267e6bb82ec08ef
enron_full_504672,text,13cf7205a46b8ade98be6e2f91486bc37b61881183b5b26fd94b983f81a0949a
enron_full_506077,text,2517db967c831841e218debd2795e182d52ce459f0c2e933818a2cc4306057d1
enron_full_506313,text,7587dff1d0b1bb01ebbd8529bb790d28f34acd517cd9892ba9fa6ca6334c9b5f
enron_full_506691,text,4b6061d5dea81244e88b9ddae9589aba183e87e4344ebf5212fa242efafc2131
enron_full_506951,text,ffdc847dc822050422f9ca815f795a0969b58f4ff00bf5ed4a88f38d504534f5
enron_full_508297,text,f4de15e219777c47ae9c3feabacae4ef5f317be6abd4afa77af5705d0afb1ff0
enron_full_508633,text,015d51956b8a0b48c55f0d001381817c8236eccaae9ddf0ed872e1f1ed200ea7
enron_full_509309,text,65e7c3020fec47f1480ea8829e152d6a402abe6173eb96febbb49531b4ad4671
enron_full_509898,text,7f01ae7631abdefd917554f7438333b6d74e1504dff899f86b56c16cfd7ab658
enron_full_511005,text,0e9eb5f87502fc05e8fd6c81f17b08c89661ce41543bc0fc018d144dcff0ac82
enron_full_513543,text,ccf6ba1aae31536c2aa8efa3fcf774af1973cdca703c191943b75bb81db0daec
enron_full_513857,text,b4640b97b99a23509a6b62d098c98f0fcdfdbb202f5d90ab3ba3dd915f3d3d12
enron_full_514823,text,753996c620fa4dde7479bf61005c6fda6a69a630feef9fffce56736b954eea04
enron_full_514984,text,adf2270a494a869ac9fbf7ba8849d19d55c57fae91eea77a367634bd8edfff66
enron_full_515092,text,ba0ba78da9282dd2b4c9e7b7d2e5082bfccf001b1a563e753439ff74a7a03f67
enron_full_515627,text,25748a596a9fb2eab32c91b32a7d10bd4d9a9b0bdd52b70083e5a317981d547e
enron_full_515714,text,4384480b556434ed1517a674d7760d0dd88a78bf8efda9999dfc0dac9702ab2d
enron_full_516032,text,06357687b7d1bd9bafc3e22a5e875a19b91260661f8daaf986244a62862ba926
enron_full_516843,text,5c4879ca380ab20eeee2dabf5c28adfcf3c361a3c11943e4b1103ba723dbc406
enron_full_516871,text,cfb60e3e3eec7b36bc8f568a643ae43e6581f2763a52e35f0f8bd1ea437f9f01
