query_id,group,payload_digest,source_ref
enron_full_000202,exact_ref,,
enron_full_000664,exact_ref,,
enron_full_001289,no_exact_ref,,
enron_full_001379,no_exact_ref,,
enron_full_001488,no_exact_ref,,
enron_full_001525,exact_ref,,
enron_full_002220,exact_ref,,
enron_full_004616,exact_ref,,
enron_full_005913,exact_ref,,
enron_full_006211,exact_ref,,
enron_full_006276,exact_ref,,
enron_full_006379,no_exact_ref,,
enron_full_006771,exact_ref,,
enron_full_007411,no_exact_ref,,
enron_full_008064,exact_ref,,
enron_full_008136,no_exact_ref,,
enron_full_008648,exact_ref,,
enron_full_008924,exact_ref,,
enron_full_009142,exact_ref,,
enron_full_009200,exact_ref,,
enron_full_009568,no_exact_ref,,
enron_full_009735,no_exact_ref,,
enron_full_011924,exact_ref,,
enron_full_012156,exact_ref,,
enron_full_012651,exact_ref,,
enron_full_013576,exact_ref,,
enron_full_013941,exact_ref,,
enron_full_014539,exact_ref,,
enron_full_014678,exact_ref,,
enron_full_015568,exact_ref,,
enron_full_015698,exact_ref,,
enron_full_016017,exact_ref,,
enron_full_017189,exact_ref,,
enron_full_018163,no_exact_ref,,
enron_full_018755,exact_ref,,
enron_full_019153,exact_ref,,
enron_full_019201,exact_ref,,
enron_full_019604,no_exact_ref,,
enron_full_019949,exact_ref,,
enron_full_020401,no_exact_ref,,
enron_full_020951,exact_ref,,
enron_full_021195,exact_ref,,
enron_full_021224,exact_ref,,
enron_full_021900,exact_ref,,
enron_full_022531,exact_ref,,
enron_full_022683,exact_ref,,
enron_full_022865,exact_ref,,
enron_full_022972,exact_ref,,
enron_full_024952,no_exact_ref,,
enron_full_025050,exact_ref,,
enron_full_026603,exact_ref,,
enron_full_026721,exact_ref,,
enron_full_027643,exact_ref,,
enron_full_027693,exact_ref,,
enron_full_027925,exact_ref,,
enron_full_028250,exact_ref,,
enron_full_028591,exact_ref,,
enron_full_028607,no_exact_ref,,
enron_full_029506,no_exact_ref,,
enron_full_030144,exact_ref,,
enron_full_031433,exact_ref,,
enron_full_031542,exact_ref,,
enron_full_031612,exact_ref,,
enron_full_031680,exact_ref,,
enron_full_032079,no_exact_ref,,
enron_full_032704,exact_ref,,
enron_full_033187,no_exact_ref,,
enron_full_033628,no_exact_ref,,
enron_full_034178,no_exact_ref,,
enron_full_034530,no_exact_ref,,
enron_full_035481,no_exact_ref,,
enron_full_035578,no_exact_ref,,
enron_full_035695,no_exact_ref,,
enron_full_035726,no_exact_ref,,
enron_full_035827,no_exact_ref,,
enron_full_035969,no_exact_ref,,
enron_full_035998,no_exact_ref,,
enron_full_038008,no_exact_ref,,
enron_full_040212,no_exact_ref,,
enron_full_040615,exact_ref,,
enron_full_041235,exact_ref,,
enron_full_042132,exact_ref,,
enron_full_045885,exact_ref,,
enron_full_046009,exact_ref,,
enron_full_046306,exact_ref,,
enron_full_046840,exact_ref,,
enron_full_047084,no_exact_ref,,
enron_full_047376,exact_ref,,
enron_full_047738,exact_ref,,
enron_full_047772,no_exact_ref,,
enron_full_048185,no_exact_ref,,
enron_full_048713,no_exact_ref,,
enron_full_049016,no_exact_ref,,
enron_full_049875,no_exact_ref,,
enron_full_050163,exact_ref,,
enron_full_050258,exact_ref,,
enron_full_050705,no_exact_ref,,
enron_full_050719,no_exact_ref,,
enron_full_051118,no_exact_ref,,
enron_full_051633,no_exact_ref,,
enron_full_052109,exact_ref,,
enron_full_052243,exact_ref,,
enron_full_052699,no_exact_ref,,
enron_full_052941,no_exact_ref,,
enron_full_053517,no_exact_ref,,
enron_full_053522,no_exact_ref,,
enron_full_054174,no_exact_ref,,
enron_full_055270,no_exact_ref,,
enron_full_055462,exact_ref,,
enron_full_056138,exact_ref,,
enron_full_056670,exact_ref,,
enron_full_056953,no_exact_ref,,
enron_full_057268,exact_ref,,
enron_full_057321,no_exact_ref,,
enron_full_057826,no_exact_ref,,
enron_full_058046,exact_ref,,
enron_full_058254,exact_ref,,
enron_full_058415,no_exact_ref,,
enron_full_059797,exact_ref,,
enron_full_060370,exact_ref,,
enron_full_060846,exact_ref,,
enron_full_062151,exact_ref,,
enron_full_062439,exact_ref,,
enron_full_063833,exact_ref,,
enron_full_063839,exact_ref,,
enron_full_064172,exact_ref,,
enron_full_064231,exact_ref,,
enron_full_064607,exact_ref,,
enron_full_065332,exact_ref,,
enron_full_065814,exact_ref,,
enron_full_066742,no_exact_ref,,
enron_full_067365,exact_ref,,
enron_full_067727,exact_ref,,
enron_full_067752,exact_ref,,
enron_full_068258,no_exact_ref,,
enron_full_068541,no_exact_ref,,
enron_full_068714,no_exact_ref,,
enron_full_068948,no_exact_ref,,
enron_full_069168,exact_ref,,
enron_full_069488,no_exact_ref,,
enron_full_070382,no_exact_ref,,
enron_full_071706,exact_ref,,
enron_full_071944,exact_ref,,
enron_full_072801,exact_ref,,
enron_full_073237,exact_ref,,
enron_full_075726,exact_ref,,
enron_full_076089,exact_ref,,
enron_full_078045,no_exact_ref,,
enron_full_078949,exact_ref,,
enron_full_080332,no_exact_ref,,
enron_full_080731,exact_ref,,
enron_full_081565,exact_ref,,
enron_full_081601,exact_ref,,
enron_full_081707,exact_ref,,
enron_full_082681,no_exact_ref,,
enron_full_085442,exact_ref,,
enron_full_085751,exact_ref,,
enron_full_086327,no_exact_ref,,
enron_full_087697,no_exact_ref,,
enron_full_088138,exact_ref,,
enron_full_088307,exact_ref,,
enron_full_088336,exact_ref,,
enron_full_089344,exact_ref,,
enron_full_089451,exact_ref,,
enron_full_090248,exact_ref,,
enron_full_091044,exact_ref,,
enron_full_091307,exact_ref,,
enron_full_092251,no_exact_ref,,
enron_full_092316,no_exact_ref,,
enron_full_092765,no_exact_ref,,
enron_full_093576,no_exact_ref,,
enron_full_094577,exact_ref,,
enron_full_094590,no_exact_ref,,
enron_full_094757,no_exact_ref,,
enron_full_095403,exact_ref,,
enron_full_096327,exact_ref,,
enron_full_096329,exact_ref,,
enron_full_098210,exact_ref,,
enron_full_098535,exact_ref,,
enron_full_098599,exact_ref,,
enron_full_098973,exact_ref,,
enron_full_099013,exact_ref,,
enron_full_099531,exact_ref,,
enron_full_100323,exact_ref,,
enron_full_100466,exact_ref,,
enron_full_101174,exact_ref,,
enron_full_101274,exact_ref,,
enron_full_102532,exact_ref,,
enron_full_102695,exact_ref,,
enron_full_102774,exact_ref,,
enron_full_103426,exact_ref,,
enron_full_103581,exact_ref,,
enron_full_104396,no_exact_ref,,
enron_full_104402,exact_ref,,
enron_full_104423,no_exact_ref,,
enron_full_104598,exact_ref,,
enron_full_105565,exact_ref,,
enron_full_105930,exact_ref,,
enron_full_106126,exact_ref,,
enron_full_106135,exact_ref,,
enron_full_108529,exact_ref,,
enron_full_108654,exact_ref,,
enron_full_108933,exact_ref,,
enron_full_108996,exact_ref,,
enron_full_109605,exact_ref,,
enron_full_110370,exact_ref,,
enron_full_111197,no_exact_ref,,
enron_full_111665,exact_ref,,
enron_full_111904,exact_ref,,
enron_full_112694,exact_ref,,
enron_full_113971,exact_ref,,
enron_full_114650,exact_ref,,
enron_full_115626,no_exact_ref,,
enron_full_116065,exact_ref,,
enron_full_116692,exact_ref,,
enron_full_117087,exact_ref,,
enron_full_117441,exact_ref,,
enron_full_117988,exact_ref,,
enron_full_118247,exact_ref,,
enron_full_118573,exact_ref,,
enron_full_119068,exact_ref,,
enron_full_119674,no_exact_ref,,
enron_full_119896,no_exact_ref,,
enron_full_120534,exact_ref,,
enron_full_120641,exact_ref,,
enron_full_120822,exact_ref,,
enron_full_121175,exact_ref,,
enron_full_122290,no_exact_ref,,
enron_full_122402,no_exact_ref,,
enron_full_123831,exact_ref,,
enron_full_124264,exact_ref,,
enron_full_124451,exact_ref,,
enron_full_126518,exact_ref,,
enron_full_128013,no_exact_ref,,
enron_full_128290,no_exact_ref,,
enron_full_128461,exact_ref,,
enron_full_129750,exact_ref,,
enron_full_129922,exact_ref,,
enron_full_129965,exact_ref,,
enron_full_130406,exact_ref,,
enron_full_130557,exact_ref,,
enron_full_130818,exact_ref,,
enron_full_131990,exact_ref,,
enron_full_132971,exact_ref,,
enron_full_133588,exact_ref,,
enron_full_133819,exact_ref,,
enron_full_134727,no_exact_ref,,
enron_full_136330,exact_ref,,
enron_full_137531,exact_ref,,
enron_full_137711,exact_ref,,
enron_full_139013,no_exact_ref,,
enron_full_139188,exact_ref,,
enron_full_139197,exact_ref,,
enron_full_139486,exact_ref,,
enron_full_140225,no_exact_ref,,
enron_full_140420,exact_ref,,
enron_full_140552,exact_ref,,
enron_full_140885,exact_ref,,
enron_full_141161,no_exact_ref,,
enron_full_141985,exact_ref,,
enron_full_142230,exact_ref,,
enron_full_142612,exact_ref,,
enron_full_143076,exact_ref,,
enron_full_144720,no_exact_ref,,
enron_full_144759,no_exact_ref,,
enron_full_145061,exact_ref,,
enron_full_146696,exact_ref,,
enron_full_148007,exact_ref,,
enron_full_148315,exact_ref,,
enron_full_148338,exact_ref,,
enron_full_149174,exact_ref,,
enron_full_149842,exact_ref,,
enron_full_150562,exact_ref,,
enron_full_151773,no_exact_ref,,
enron_full_152307,exact_ref,,
enron_full_152987,exact_ref,,
enron_full_153167,exact_ref,,
enron_full_154125,no_exact_ref,,
enron_full_154648,no_exact_ref,,
enron_full_155829,exact_ref,,
enron_full_156626,exact_ref,,
enron_full_156811,exact_ref,,
enron_full_158640,exact_ref,,
enron_full_159222,exact_ref,,
enron_full_159570,exact_ref,,
enron_full_159687,exact_ref,,
enron_full_161067,exact_ref,,
enron_full_161301,exact_ref,,
enron_full_161404,exact_ref,,
enron_full_161839,no_exact_ref,,
enron_full_162338,exact_ref,,
enron_full_163700,no_exact_ref,,
enron_full_163994,exact_ref,,
enron_full_164128,no_exact_ref,,
enron_full_164251,exact_ref,,
enron_full_164751,no_exact_ref,,
enron_full_164805,no_exact_ref,,
enron_full_165550,no_exact_ref,,
enron_full_165951,exact_ref,,
enron_full_167260,exact_ref,,
enron_full_168469,exact_ref,,
enron_full_168971,exact_ref,,
enron_full_170176,no_exact_ref,,
enron_full_170711,exact_ref,,
enron_full_170765,exact_ref,,
enron_full_170860,no_exact_ref,,
enron_full_171509,exact_ref,,
enron_full_171797,no_exact_ref,,
enron_full_172609,no_exact_ref,,
enron_full_174436,exact_ref,,
enron_full_174861,exact_ref,,
enron_full_175011,no_exact_ref,,
enron_full_176124,exact_ref,,
enron_full_176753,exact_ref,,
enron_full_178212,exact_ref,,
enron_full_178550,exact_ref,,
enron_full_179413,exact_ref,,
enron_full_179791,exact_ref,,
enron_full_180640,exact_ref,,
enron_full_181037,exact_ref,,
enron_full_181456,exact_ref,,
enron_full_181872,exact_ref,,
enron_full_181885,exact_ref,,
enron_full_182915,exact_ref,,
enron_full_182942,exact_ref,,
enron_full_183169,exact_ref,,
enron_full_183297,exact_ref,,
enron_full_183379,exact_ref,,
enron_full_183388,exact_ref,,
enron_full_183934,exact_ref,,
enron_full_184508,exact_ref,,
enron_full_185731,no_exact_ref,,
enron_full_186258,exact_ref,,
enron_full_186778,exact_ref,,
enron_full_187181,exact_ref,,
enron_full_187432,exact_ref,,
enron_full_187706,exact_ref,,
enron_full_188453,exact_ref,,
enron_full_189842,exact_ref,,
enron_full_189980,exact_ref,,
enron_full_191466,exact_ref,,
enron_full_191744,no_exact_ref,,
enron_full_191882,exact_ref,,
enron_full_193162,exact_ref,,
enron_full_195402,exact_ref,,
enron_full_195600,exact_ref,,
enron_full_195759,exact_ref,,
enron_full_196134,exact_ref,,
enron_full_197175,exact_ref,,
enron_full_197216,exact_ref,,
enron_full_197678,exact_ref,,
enron_full_198102,exact_ref,,
enron_full_198996,exact_ref,,
enron_full_200327,exact_ref,,
enron_full_200476,exact_ref,,
enron_full_201608,exact_ref,,
enron_full_202547,exact_ref,,
enron_full_202611,no_exact_ref,,
enron_full_203046,exact_ref,,
enron_full_204937,exact_ref,,
enron_full_205754,exact_ref,,
enron_full_205846,exact_ref,,
enron_full_206132,exact_ref,,
enron_full_206426,exact_ref,,
enron_full_206631,no_exact_ref,,
enron_full_206780,exact_ref,,
enron_full_207863,exact_ref,,
enron_full_208242,exact_ref,,
enron_full_208362,exact_ref,,
enron_full_209030,exact_ref,,
enron_full_209358,exact_ref,,
enron_full_209479,exact_ref,,
enron_full_209859,exact_ref,,
enron_full_209958,exact_ref,,
enron_full_210032,no_exact_ref,,
enron_full_210772,exact_ref,,
enron_full_211094,no_exact_ref,,
enron_full_211389,exact_ref,,
enron_full_211892,no_exact_ref,,
enron_full_211966,no_exact_ref,,
enron_full_212202,no_exact_ref,,
enron_full_213178,no_exact_ref,,
enron_full_214684,exact_ref,,
enron_full_214861,exact_ref,,
enron_full_214866,exact_ref,,
enron_full_214883,exact_ref,,
enron_full_215380,exact_ref,,
enron_full_215696,exact_ref,,
enron_full_216853,exact_ref,,
enron_full_218707,exact_ref,,
enron_full_219044,exact_ref,,
enron_full_219142,exact_ref,,
enron_full_219243,exact_ref,,
enron_full_219501,no_exact_ref,,
enron_full_219509,no_exact_ref,,
enron_full_219658,no_exact_ref,,
enron_full_220234,exact_ref,,
enron_full_220556,exact_ref,,
enron_full_221304,exact_ref,,
enron_full_223253,exact_ref,,
enron_full_223630,exact_ref,,
enron_full_223933,exact_ref,,
enron_full_224076,exact_ref,,
enron_full_224176,exact_ref,,
enron_full_224421,exact_ref,,
enron_full_226002,no_exact_ref,,
enron_full_226675,exact_ref,,
enron_full_227135,exact_ref,,
enron_full_227290,no_exact_ref,,
enron_full_227315,exact_ref,,
enron_full_227317,no_exact_ref,,
enron_full_227401,exact_ref,,
enron_full_227576,exact_ref,,
enron_full_228518,exact_ref,,
enron_full_228640,exact_ref,,
enron_full_229065,exact_ref,,
enron_full_229125,exact_ref,,
enron_full_230449,exact_ref,,
enron_full_230615,exact_ref,,
enron_full_231206,exact_ref,,
enron_full_232509,exact_ref,,
enron_full_232529,exact_ref,,
enron_full_232592,exact_ref,,
enron_full_232830,exact_ref,,
enron_full_232998,exact_ref,,
enron_full_233012,exact_ref,,
enron_full_233273,exact_ref,,
enron_full_233711,exact_ref,,
enron_full_233845,exact_ref,,
enron_full_234397,exact_ref,,
enron_full_235427,exact_ref,,
enron_full_237126,exact_ref,,
enron_full_238037,exact_ref,,
enron_full_238970,exact_ref,,
enron_full_239927,exact_ref,,
enron_full_240437,exact_ref,,
enron_full_240888,exact_ref,,
enron_full_241204,exact_ref,,
enron_full_242121,exact_ref,,
enron_full_242149,exact_ref,,
enron_full_242702,exact_ref,,
enron_full_242763,exact_ref,,
enron_full_243198,exact_ref,,
enron_full_243425,exact_ref,,
enron_full_244168,no_exact_ref,,
enron_full_244538,exact_ref,,
enron_full_244857,exact_ref,,
enron_full_244901,exact_ref,,
enron_full_244915,exact_ref,,
enron_full_245469,exact_ref,,
enron_full_246185,exact_ref,,
enron_full_246287,exact_ref,,
enron_full_246288,exact_ref,,
enron_full_246340,exact_ref,,
enron_full_246689,exact_ref,,
enron_full_246896,exact_ref,,
enron_full_247095,exact_ref,,
enron_full_247286,exact_ref,,
enron_full_247295,exact_ref,,
enron_full_247605,exact_ref,,
enron_full_247963,exact_ref,,
enron_full_248460,exact_ref,,
enron_full_248776,no_exact_ref,,
enron_full_249257,no_exact_ref,,
enron_full_250519,exact_ref,,
enron_full_250725,exact_ref,,
enron_full_252462,no_exact_ref,,
enron_full_253509,no_exact_ref,,
enron_full_253676,exact_ref,,
enron_full_253776,exact_ref,,
enron_full_253875,exact_ref,,
enron_full_254022,exact_ref,,
enron_full_254732,exact_ref,,
enron_full_254813,exact_ref,,
enron_full_254930,no_exact_ref,,
enron_full_256359,no_exact_ref,,
enron_full_256719,no_exact_ref,,
enron_full_257223,no_exact_ref,,
enron_full_257476,no_exact_ref,,
enron_full_257526,no_exact_ref,,
enron_full_258106,no_exact_ref,,
enron_full_258436,no_exact_ref,,
enron_full_259050,exact_ref,,
enron_full_259076,no_exact_ref,,
enron_full_259321,exact_ref,,
enron_full_260192,exact_ref,,
enron_full_261884,no_exact_ref,,
enron_full_262514,exact_ref,,
enron_full_262785,no_exact_ref,,
enron_full_263240,exact_ref,,
enron_full_264723,no_exact_ref,,
enron_full_265023,exact_ref,,
enron_full_265448,exact_ref,,
enron_full_265746,exact_ref,,
enron_full_265774,exact_ref,,
enron_full_266026,exact_ref,,
enron_full_266097,no_exact_ref,,
enron_full_267067,exact_ref,,
enron_full_267198,exact_ref,,
enron_full_268981,exact_ref,,
enron_full_269702,no_exact_ref,,
enron_full_270257,no_exact_ref,,
enron_full_270526,exact_ref,,
enron_full_271097,exact_ref,,
enron_full_271232,exact_ref,,
enron_full_272570,no_exact_ref,,
enron_full_273248,exact_ref,,
enron_full_273363,exact_ref,,
enron_full_273791,exact_ref,,
enron_full_273820,exact_ref,,
enron_full_273961,exact_ref,,
enron_full_274206,exact_ref,,
enron_full_274561,exact_ref,,
enron_full_274757,exact_ref,,
enron_full_274786,no_exact_ref,,
enron_full_275183,no_exact_ref,,
enron_full_275570,exact_ref,,
enron_full_276028,no_exact_ref,,
enron_full_276324,exact_ref,,
enron_full_276342,exact_ref,,
enron_full_277439,no_exact_ref,,
enron_full_277990,exact_ref,,
enron_full_278811,exact_ref,,
enron_full_279563,no_exact_ref,,
enron_full_279751,exact_ref,,
enron_full_280423,no_exact_ref,,
enron_full_280603,no_exact_ref,,
enron_full_281547,no_exact_ref,,
enron_full_282395,exact_ref,,
enron_full_283356,exact_ref,,
enron_full_283839,exact_ref,,
enron_full_283868,exact_ref,,
enron_full_284197,exact_ref,,
enron_full_284956,exact_ref,,
enron_full_285559,exact_ref,,
enron_full_286024,exact_ref,,
enron_full_286036,exact_ref,,
enron_full_286164,exact_ref,,
enron_full_286899,exact_ref,,
enron_full_287012,no_exact_ref,,
enron_full_287512,exact_ref,,
enron_full_287655,exact_ref,,
enron_full_287736,exact_ref,,
enron_full_287760,exact_ref,,
enron_full_287778,exact_ref,,
enron_full_288938,exact_ref,,
enron_full_289243,no_exact_ref,,
enron_full_291054,no_exact_ref,,
enron_full_291275,no_exact_ref,,
enron_full_291375,no_exact_ref,,
enron_full_291790,exact_ref,,
enron_full_292561,exact_ref,,
enron_full_292656,exact_ref,,
enron_full_293066,exact_ref,,
enron_full_293083,exact_ref,,
enron_full_293619,exact_ref,,
enron_full_293948,no_exact_ref,,
enron_full_293985,exact_ref,,
enron_full_295023,exact_ref,,
enron_full_295246,no_exact_ref,,
enron_full_296957,no_exact_ref,,
enron_full_298392,no_exact_ref,,
enron_full_298764,no_exact_ref,,
enron_full_299033,no_exact_ref,,
enron_full_299289,exact_ref,,
enron_full_299345,exact_ref,,
enron_full_299690,exact_ref,,
enron_full_300310,exact_ref,,
enron_full_300702,exact_ref,,
enron_full_301521,exact_ref,,
enron_full_301926,exact_ref,,
enron_full_302529,exact_ref,,
enron_full_303527,exact_ref,,
enron_full_304134,exact_ref,,
enron_full_304324,exact_ref,,
enron_full_305112,exact_ref,,
enron_full_305491,exact_ref,,
enron_full_305595,exact_ref,,
enron_full_306022,exact_ref,,
enron_full_306282,exact_ref,,
enron_full_306838,exact_ref,,
enron_full_306879,exact_ref,,
enron_full_307066,exact_ref,,
enron_full_307536,exact_ref,,
enron_full_307959,exact_ref,,
enron_full_308283,exact_ref,,
enron_full_308504,exact_ref,,
enron_full_308666,exact_ref,,
enron_full_310049,exact_ref,,
enron_full_310050,exact_ref,,
enron_full_310056,exact_ref,,
enron_full_310895,exact_ref,,
enron_full_310913,exact_ref,,
enron_full_311017,exact_ref,,
enron_full_313090,exact_ref,,
enron_full_314206,exact_ref,,
enron_full_314362,exact_ref,,
enron_full_315231,exact_ref,,
enron_full_315279,exact_ref,,
enron_full_315623,exact_ref,,
enron_full_316006,exact_ref,,
enron_full_317192,exact_ref,,
enron_full_317451,exact_ref,,
enron_full_318133,exact_ref,,
enron_full_318207,exact_ref,,
enron_full_318845,exact_ref,,
enron_full_318909,exact_ref,,
enron_full_319080,exact_ref,,
enron_full_319320,exact_ref,,
enron_full_319952,exact_ref,,
enron_full_320564,exact_ref,,
enron_full_320626,exact_ref,,
enron_full_321445,exact_ref,,
enron_full_321807,exact_ref,,
enron_full_321918,exact_ref,,
enron_full_322149,exact_ref,,
enron_full_322706,exact_ref,,
enron_full_322737,exact_ref,,
enron_full_322757,exact_ref,,
enron_full_324000,exact_ref,,
enron_full_324353,no_exact_ref,,
enron_full_325002,exact_ref,,
enron_full_325131,exact_ref,,
enron_full_325547,exact_ref,,
enron_full_326276,exact_ref,,
enron_full_326406,exact_ref,,
enron_full_326699,exact_ref,,
enron_full_326891,exact_ref,,
enron_full_327398,exact_ref,,
enron_full_327734,exact_ref,,
enron_full_330743,exact_ref,,
enron_full_330847,exact_ref,,
enron_full_331065,no_exact_ref,,
enron_full_331235,exact_ref,,
enron_full_331309,no_exact_ref,,
enron_full_332147,no_exact_ref,,
enron_full_332523,exact_ref,,
enron_full_333276,exact_ref,,
enron_full_333308,exact_ref,,
enron_full_333309,exact_ref,,
enron_full_334798,no_exact_ref,,
enron_full_335428,exact_ref,,
enron_full_335498,exact_ref,,
enron_full_335546,exact_ref,,
enron_full_335575,exact_ref,,
enron_full_335623,exact_ref,,
enron_full_335857,exact_ref,,
enron_full_335946,exact_ref,,
enron_full_336542,exact_ref,,
enron_full_337267,exact_ref,,
enron_full_337292,exact_ref,,
enron_full_337470,exact_ref,,
enron_full_339638,no_exact_ref,,
enron_full_340418,exact_ref,,
enron_full_340472,exact_ref,,
enron_full_340761,exact_ref,,
enron_full_341249,exact_ref,,
enron_full_341362,exact_ref,,
enron_full_342301,exact_ref,,
enron_full_342735,exact_ref,,
enron_full_344191,exact_ref,,
enron_full_344335,exact_ref,,
enron_full_344645,no_exact_ref,,
enron_full_345595,exact_ref,,
enron_full_345814,exact_ref,,
enron_full_348142,exact_ref,,
enron_full_348438,no_exact_ref,,
enron_full_349353,no_exact_ref,,
enron_full_349483,no_exact_ref,,
enron_full_352068,no_exact_ref,,
enron_full_352183,exact_ref,,
enron_full_352410,exact_ref,,
enron_full_352552,no_exact_ref,,
enron_full_353158,exact_ref,,
enron_full_353883,no_exact_ref,,
enron_full_354290,no_exact_ref,,
enron_full_355229,no_exact_ref,,
enron_full_355694,exact_ref,,
enron_full_355895,no_exact_ref,,
enron_full_356569,no_exact_ref,,
enron_full_356908,exact_ref,,
enron_full_356976,no_exact_ref,,
enron_full_358597,no_exact_ref,,
enron_full_358915,no_exact_ref,,
enron_full_360085,exact_ref,,
enron_full_360983,exact_ref,,
enron_full_362389,exact_ref,,
enron_full_363120,exact_ref,,
enron_full_363607,no_exact_ref,,
enron_full_363846,no_exact_ref,,
enron_full_363876,exact_ref,,
enron_full_364025,no_exact_ref,,
enron_full_364586,exact_ref,,
enron_full_365105,no_exact_ref,,
enron_full_365478,no_exact_ref,,
enron_full_365497,exact_ref,,
enron_full_365509,no_exact_ref,,
enron_full_365947,no_exact_ref,,
enron_full_366510,exact_ref,,
enron_full_366895,exact_ref,,
enron_full_367052,no_exact_ref,,
enron_full_367129,no_exact_ref,,
enron_full_367319,no_exact_ref,,
enron_full_367765,exact_ref,,
enron_full_367912,no_exact_ref,,
enron_full_368156,no_exact_ref,,
enron_full_368318,no_exact_ref,,
enron_full_369168,exact_ref,,
enron_full_369419,exact_ref,,
enron_full_370439,exact_ref,,
enron_full_371121,no_exact_ref,,
enron_full_373728,exact_ref,,
enron_full_373978,exact_ref,,
enron_full_374719,exact_ref,,
enron_full_374736,exact_ref,,
enron_full_375606,exact_ref,,
enron_full_376013,exact_ref,,
enron_full_376710,exact_ref,,
enron_full_377221,exact_ref,,
enron_full_377377,exact_ref,,
enron_full_378712,exact_ref,,
enron_full_378826,exact_ref,,
enron_full_379382,exact_ref,,
enron_full_379515,exact_ref,,
enron_full_380183,exact_ref,,
enron_full_380419,exact_ref,,
enron_full_380667,exact_ref,,
enron_full_381275,exact_ref,,
enron_full_381430,exact_ref,,
enron_full_381540,exact_ref,,
enron_full_381912,exact_ref,,
enron_full_382401,no_exact_ref,,
enron_full_382476,exact_ref,,
enron_full_382877,exact_ref,,
enron_full_384162,no_exact_ref,,
enron_full_384461,exact_ref,,
enron_full_384653,exact_ref,,
enron_full_384988,exact_ref,,
enron_full_385098,exact_ref,,
enron_full_385839,exact_ref,,
enron_full_386188,no_exact_ref,,
enron_full_386616,no_exact_ref,,
enron_full_386731,no_exact_ref,,
enron_full_387578,exact_ref,,
enron_full_387701,no_exact_ref,,
enron_full_387952,no_exact_ref,,
enron_full_388565,exact_ref,,
enron_full_388921,exact_ref,,
enron_full_390158,exact_ref,,
enron_full_391047,exact_ref,,
enron_full_391217,no_exact_ref,,
enron_full_391486,no_exact_ref,,
enron_full_391746,no_exact_ref,,
enron_full_392955,exact_ref,,
enron_full_393136,no_exact_ref,,
enron_full_393487,exact_ref,,
enron_full_394271,exact_ref,,
enron_full_394331,exact_ref,,
enron_full_394348,exact_ref,,
enron_full_394407,no_exact_ref,,
enron_full_395301,exact_ref,,
enron_full_395725,no_exact_ref,,
enron_full_396292,exact_ref,,
enron_full_396812,exact_ref,,
enron_full_397391,exact_ref,,
enron_full_397879,exact_ref,,
enron_full_398718,exact_ref,,
enron_full_399591,no_exact_ref,,
enron_full_399779,no_exact_ref,,
enron_full_399917,no_exact_ref,,
enron_full_400523,exact_ref,,
enron_full_401763,no_exact_ref,,
enron_full_401798,no_exact_ref,,
enron_full_402233,exact_ref,,
enron_full_402310,exact_ref,,
enron_full_403001,exact_ref,,
enron_full_403036,exact_ref,,
enron_full_403180,exact_ref,,
enron_full_404066,exact_ref,,
enron_full_405218,exact_ref,,
enron_full_405288,exact_ref,,
enron_full_405421,exact_ref,,
enron_full_406531,exact_ref,,
enron_full_407210,exact_ref,,
enron_full_407416,exact_ref,,
enron_full_407459,exact_ref,,
enron_full_407590,exact_ref,,
enron_full_407747,exact_ref,,
enron_full_408988,exact_ref,,
enron_full_409260,exact_ref,,
enron_full_409276,exact_ref,,
enron_full_409720,exact_ref,,
enron_full_409761,exact_ref,,
enron_full_410980,no_exact_ref,,
enron_full_411073,no_exact_ref,,
enron_full_411853,exact_ref,,
enron_full_412435,exact_ref,,
enron_full_412836,exact_ref,,
enron_full_414414,exact_ref,,
enron_full_414620,exact_ref,,
enron_full_414624,no_exact_ref,,
enron_full_415032,exact_ref,,
enron_full_415416,exact_ref,,
enron_full_415425,exact_ref,,
enron_full_415589,exact_ref,,
enron_full_416173,no_exact_ref,,
enron_full_416275,no_exact_ref,,
enron_full_417397,exact_ref,,
enron_full_418145,exact_ref,,
enron_full_418173,exact_ref,,
enron_full_418938,exact_ref,,
enron_full_419715,exact_ref,,
enron_full_419787,exact_ref,,
enron_full_419936,exact_ref,,
enron_full_419992,exact_ref,,
enron_full_420340,exact_ref,,
enron_full_420635,exact_ref,,
enron_full_421070,no_exact_ref,,
enron_full_421581,no_exact_ref,,
enron_full_421659,no_exact_ref,,
enron_full_422214,no_exact_ref,,
enron_full_422408,exact_ref,,
enron_full_423045,exact_ref,,
enron_full_423694,exact_ref,,
enron_full_423789,exact_ref,,
enron_full_424183,no_exact_ref,,
enron_full_424691,exact_ref,,
enron_full_425035,exact_ref,,
enron_full_425166,exact_ref,,
enron_full_425789,exact_ref,,
enron_full_426054,exact_ref,,
enron_full_426288,exact_ref,,
enron_full_427733,exact_ref,,
enron_full_428515,exact_ref,,
enron_full_428895,exact_ref,,
enron_full_429441,no_exact_ref,,
enron_full_429986,no_exact_ref,,
enron_full_430065,no_exact_ref,,
enron_full_430260,no_exact_ref,,
enron_full_430592,no_exact_ref,,
enron_full_431423,no_exact_ref,,
enron_full_432116,exact_ref,,
enron_full_432508,exact_ref,,
enron_full_433686,exact_ref,,
enron_full_433711,exact_ref,,
enron_full_433823,exact_ref,,
enron_full_434515,exact_ref,,
enron_full_434661,exact_ref,,
enron_full_435743,exact_ref,,
enron_full_436019,no_exact_ref,,
enron_full_436309,no_exact_ref,,
enron_full_436431,no_exact_ref,,
enron_full_436454,no_exact_ref,,
enron_full_437873,exact_ref,,
enron_full_439573,no_exact_ref,,
enron_full_440276,no_exact_ref,,
enron_full_440707,exact_ref,,
enron_full_441744,exact_ref,,
enron_full_442093,exact_ref,,
enron_full_442322,no_exact_ref,,
enron_full_442524,exact_ref,,
enron_full_442558,exact_ref,,
enron_full_442662,exact_ref,,
enron_full_442954,exact_ref,,
enron_full_443309,exact_ref,,
enron_full_443772,exact_ref,,
enron_full_444240,exact_ref,,
enron_full_445163,no_exact_ref,,
enron_full_445774,exact_ref,,
enron_full_445830,no_exact_ref,,
enron_full_446457,no_exact_ref,,
enron_full_447336,exact_ref,,
enron_full_447596,no_exact_ref,,
enron_full_448246,exact_ref,,
enron_full_448315,no_exact_ref,,
enron_full_448897,exact_ref,,
enron_full_449771,no_exact_ref,,
enron_full_450293,exact_ref,,
enron_full_450584,no_exact_ref,,
enron_full_451624,exact_ref,,
enron_full_451708,exact_ref,,
enron_full_451980,no_exact_ref,,
enron_full_452075,exact_ref,,
enron_full_452624,exact_ref,,
enron_full_452665,exact_ref,,
enron_full_453158,exact_ref,,
enron_full_453577,exact_ref,,
enron_full_455974,no_exact_ref,,
enron_full_456283,no_exact_ref,,
enron_full_458074,no_exact_ref,,
enron_full_458660,no_exact_ref,,
enron_full_459917,no_exact_ref,,
enron_full_459959,no_exact_ref,,
enron_full_460573,exact_ref,,
enron_full_461053,exact_ref,,
enron_full_461203,no_exact_ref,,
enron_full_461474,no_exact_ref,,
enron_full_461621,exact_ref,,
enron_full_461648,exact_ref,,
enron_full_461948,exact_ref,,
enron_full_462616,exact_ref,,
enron_full_463151,exact_ref,,
enron_full_463936,exact_ref,,
enron_full_463955,exact_ref,,
enron_full_463976,exact_ref,,
enron_full_465574,exact_ref,,
enron_full_466018,exact_ref,,
enron_full_466387,exact_ref,,
enron_full_466533,exact_ref,,
enron_full_466708,exact_ref,,
enron_full_467278,exact_ref,,
enron_full_467576,exact_ref,,
enron_full_467913,exact_ref,,
enron_full_468001,exact_ref,,
enron_full_468241,exact_ref,,
enron_full_468948,exact_ref,,
enron_full_469104,exact_ref,,
enron_full_469441,exact_ref,,
enron_full_470510,exact_ref,,
enron_full_471172,exact_ref,,
enron_full_472398,exact_ref,,
enron_full_473353,exact_ref,,
enron_full_473987,no_exact_ref,,
enron_full_474902,exact_ref,,
enron_full_476646,exact_ref,,
enron_full_476866,exact_ref,,
enron_full_476952,exact_ref,,
enron_full_478933,no_exact_ref,,
enron_full_479947,no_exact_ref,,
enron_full_480468,no_exact_ref,,
enron_full_480848,exact_ref,,
enron_full_481384,exact_ref,,
enron_full_481691,exact_ref,,
enron_full_481940,exact_ref,,
enron_full_482039,exact_ref,,
enron_full_482398,no_exact_ref,,
enron_full_482679,no_exact_ref,,
enron_full_482700,exact_ref,,
enron_full_482778,exact_ref,,
enron_full_482919,exact_ref,,
enron_full_483941,exact_ref,,
enron_full_484013,exact_ref,,
enron_full_485161,exact_ref,,
enron_full_485319,exact_ref,,
enron_full_485507,no_exact_ref,,
enron_full_485652,no_exact_ref,,
enron_full_485802,no_exact_ref,,
enron_full_486590,exact_ref,,
enron_full_486718,exact_ref,,
enron_full_487009,no_exact_ref,,
enron_full_487095,no_exact_ref,,
enron_full_487221,exact_ref,,
enron_full_488455,no_exact_ref,,
enron_full_488704,no_exact_ref,,
enron_full_489126,no_exact_ref,,
enron_full_490171,no_exact_ref,,
enron_full_490913,exact_ref,,
enron_full_491597,exact_ref,,
enron_full_491993,no_exact_ref,,
enron_full_492310,no_exact_ref,,
enron_full_492624,exact_ref,,
enron_full_492762,no_exact_ref,,
enron_full_493081,no_exact_ref,,
enron_full_493173,no_exact_ref,,
enron_full_494836,no_exact_ref,,
enron_full_495207,no_exact_ref,,
enron_full_496303,no_exact_ref,,
enron_full_497180,exact_ref,,
enron_full_498346,no_exact_ref,,
enron_full_498425,exact_ref,,
enron_full_498832,exact_ref,,
enron_full_499190,exact_ref,,
enron_full_499335,exact_ref,,
enron_full_500125,exact_ref,,
enron_full_500480,exact_ref,,
enron_full_500856,exact_ref,,
enron_full_501389,exact_ref,,
enron_full_501995,no_exact_ref,,
enron_full_503996,no_exact_ref,,
enron_full_504214,no_exact_ref,,
enron_full_504672,exact_ref,,
enron_full_506077,no_exact_ref,,
enron_full_506313,no_exact_ref,,
enron_full_506691,no_exact_ref,,
enron_full_506951,no_exact_ref,,
enron_full_508297,exact_ref,,
enron_full_508633,no_exact_ref,,
enron_full_509309,exact_ref,,
enron_full_509898,exact_ref,,
enron_full_511005,exact_ref,,
enron_full_513543,no_exact_ref,,
enron_full_513857,exact_ref,,
enron_full_514823,no_exact_ref,,
enron_full_514984,exact_ref,,
enron_full_515092,no_exact_ref,,
enron_full_515627,no_exact_ref,,
enron_full_515714,no_exact_ref,,
enron_full_516032,exact_ref,,
enron_full_516843,no_exact_ref,,
enron_full_516871,no_exact_ref,,
