scheme,threshold,repeat,query_id,group,latency_us,matched,best_distance,records_examined,bits_compared
fuzzydedup,4,0,enron_full_009658,verify,1860.833,0,5,35794,2290816
fuzzydedup,5,0,enron_full_009658,verify,1873.720,0,6,44800,2867200
fuzzydedup,6,0,enron_full_009658,verify,2715.391,0,7,54205,3469120
fuzzydedup,5,0,enron_full_010653,verify,4195.740,1,0,80716,5166016
fuzzydedup,6,0,enron_full_010653,verify,4793.512,1,0,96249,6160128
fuzzydedup,4,0,enron_full_010653,verify,3668.788,1,0,64744,4143808
fuzzydedup,6,0,enron_full_011218,verify,2943.967,1,0,58125,3720192
fuzzydedup,4,0,enron_full_011218,verify,1912.980,1,0,35380,2264512
fuzzydedup,5,0,enron_full_011218,verify,2663.911,1,0,46431,2971776
fuzzydedup,4,0,enron_full_025369,verify,1151.757,0,5,25353,1622592
fuzzydedup,5,0,enron_full_025369,verify,1743.828,0,6,32008,2048512
fuzzydedup,6,0,enron_full_025369,verify,1847.542,0,7,38406,2457984
fuzzydedup,5,0,enron_full_027509,verify,919.104,1,0,15444,988608
fuzzydedup,6,0,enron_full_027509,verify,810.450,1,0,16986,1087296
fuzzydedup,4,0,enron_full_027509,verify,802.075,1,0,13629,872448
fuzzydedup,6,0,enron_full_033704,verify,3989.501,0,7,83781,5361984
fuzzydedup,4,0,enron_full_033704,verify,2733.349,0,5,56325,3604800
fuzzydedup,5,0,enron_full_033704,verify,2985.754,0,6,69703,4460992
fuzzydedup,4,0,enron_full_034404,verify,1210.579,0,5,17908,1146112
fuzzydedup,5,0,enron_full_034404,verify,1304.791,0,6,22371,1431744
fuzzydedup,6,0,enron_full_034404,verify,1425.271,0,7,27124,1735936
fuzzydedup,5,0,enron_full_034807,verify,2683.552,0,6,50020,3201280
fuzzydedup,6,0,enron_full_034807,verify,2627.129,0,7,60498,3871872
fuzzydedup,4,0,enron_full_034807,verify,1711.997,0,5,40217,2573888
fuzzydedup,6,0,enron_full_039254,verify,4445.963,0,7,112816,7220224
fuzzydedup,4,0,enron_full_039254,verify,3250.405,0,5,75858,4854912
fuzzydedup,5,0,enron_full_039254,verify,4326.303,0,6,94423,6043072
fuzzydedup,4,0,enron_full_039322,verify,5487.527,0,5,132999,8511936
fuzzydedup,5,0,enron_full_039322,verify,6385.237,0,6,159592,10213888
fuzzydedup,6,0,enron_full_039322,verify,7542.332,0,7,184939,11836096
fuzzydedup,5,0,enron_full_046393,verify,5990.332,0,6,145606,9318784
fuzzydedup,6,0,enron_full_046393,verify,6912.729,0,7,169255,10832320
fuzzydedup,4,0,enron_full_046393,verify,5179.777,0,5,120641,7721024
fuzzydedup,6,0,enron_full_049561,verify,6239.694,0,7,159258,10192512
fuzzydedup,4,0,enron_full_049561,verify,4636.003,0,5,113227,7246528
fuzzydedup,5,0,enron_full_049561,verify,5371.723,0,6,136629,8744256
fuzzydedup,4,0,enron_full_053673,verify,6012.845,0,5,121972,7806208
fuzzydedup,5,0,enron_full_053673,verify,6445.450,0,6,147636,9448704
fuzzydedup,6,0,enron_full_053673,verify,7873.322,0,7,172289,11026496
fuzzydedup,5,0,enron_full_058759,verify,4164.796,1,0,79916,5114816
fuzzydedup,6,0,enron_full_058759,verify,5076.886,1,0,96323,6164864
fuzzydedup,4,0,enron_full_058759,verify,4624.078,1,0,63697,4076800
fuzzydedup,6,0,enron_full_059101,verify,2596.917,1,0,50022,3201600
fuzzydedup,4,0,enron_full_059101,verify,2194.167,1,0,38152,2441920
fuzzydedup,5,0,enron_full_059101,verify,2189.742,1,0,44374,2840128
fuzzydedup,4,0,enron_full_067415,verify,3981.330,1,0,63386,4056896
fuzzydedup,5,0,enron_full_067415,verify,4261.942,1,0,79605,5094912
fuzzydedup,6,0,enron_full_067415,verify,4986.154,1,0,96012,6144960
fuzzydedup,5,0,enron_full_068105,verify,6943.303,0,6,168125,10760000
fuzzydedup,6,0,enron_full_068105,verify,7950.581,0,7,194644,12457216
fuzzydedup,4,0,enron_full_068105,verify,6178.859,0,5,139516,8929024
fuzzydedup,6,0,enron_full_078293,verify,6419.295,0,7,144058,9219712
fuzzydedup,4,0,enron_full_078293,verify,5014.204,0,5,100182,6411648
fuzzydedup,5,0,enron_full_078293,verify,5356.309,0,6,122217,7821888
fuzzydedup,4,0,enron_full_080461,verify,3572.616,1,0,66167,4234880
fuzzydedup,5,0,enron_full_080461,verify,4004.380,1,0,81700,5228992
fuzzydedup,6,0,enron_full_080461,verify,4239.548,1,0,97208,6221504
fuzzydedup,5,0,enron_full_080546,verify,6626.013,0,6,164996,10559744
fuzzydedup,6,0,enron_full_080546,verify,7335.853,0,7,191555,12259520
fuzzydedup,4,0,enron_full_080546,verify,5439.345,0,5,137769,8817216
fuzzydedup,6,0,enron_full_081120,verify,1600.180,1,0,31310,2004032
fuzzydedup,4,0,enron_full_081120,verify,1411.592,1,0,24879,1592448
fuzzydedup,5,0,enron_full_081120,verify,1317.358,1,0,28362,1815360
fuzzydedup,4,0,enron_full_084438,verify,4785.299,0,5,120641,7721024
fuzzydedup,5,0,enron_full_084438,verify,5241.212,0,6,145606,9318784
fuzzydedup,6,0,enron_full_084438,verify,6262.872,0,7,169255,10832320
fuzzydedup,5,0,enron_full_088649,verify,2563.690,1,0,50345,3222272
fuzzydedup,6,0,enron_full_088649,verify,2332.552,1,0,56567,3620480
fuzzydedup,4,0,enron_full_088649,verify,1854.525,1,0,42915,2746752
fuzzydedup,6,0,enron_full_096500,verify,3282.110,1,0,71361,4567296
fuzzydedup,4,0,enron_full_096500,verify,2379.884,1,0,43835,2805632
fuzzydedup,5,0,enron_full_096500,verify,2892.589,1,0,57164,3658688
fuzzydedup,4,0,enron_full_098576,verify,727.559,1,0,7589,485888
fuzzydedup,5,0,enron_full_098576,verify,763.541,1,0,9940,636352
fuzzydedup,6,0,enron_full_098576,verify,1204.866,1,0,12626,808256
fuzzydedup,5,0,enron_full_101177,verify,3758.631,1,0,75688,4844224
fuzzydedup,6,0,enron_full_101177,verify,4470.382,1,0,91599,5862528
fuzzydedup,4,0,enron_full_101177,verify,3237.122,1,0,59927,3835520
fuzzydedup,6,0,enron_full_106973,verify,4201.310,1,0,91642,5865280
fuzzydedup,4,0,enron_full_106973,verify,3395.352,1,0,64472,4126400
fuzzydedup,5,0,enron_full_106973,verify,3594.755,1,0,78294,5011008
fuzzydedup,4,0,enron_full_109757,verify,4211.860,0,5,113227,7246528
fuzzydedup,5,0,enron_full_109757,verify,5177.630,0,6,136629,8744256
fuzzydedup,6,0,enron_full_109757,verify,5817.852,0,7,159258,10192512
fuzzydedup,5,0,enron_full_110469,verify,3475.809,1,0,78211,5005696
fuzzydedup,6,0,enron_full_110469,verify,3548.152,1,0,91559,5859968
fuzzydedup,4,0,enron_full_110469,verify,3359.571,1,0,64389,4121088
fuzzydedup,6,0,enron_full_111900,verify,6858.250,0,7,190614,12199296
fuzzydedup,4,0,enron_full_111900,verify,5121.284,0,5,137103,8774592
fuzzydedup,5,0,enron_full_111900,verify,6387.513,0,6,164671,10538944
fuzzydedup,4,0,enron_full_115573,verify,3367.090,1,0,67099,4294528
fuzzydedup,5,0,enron_full_115573,verify,3786.786,1,0,81482,5215040
fuzzydedup,6,0,enron_full_115573,verify,4028.175,1,0,95304,6099648
fuzzydedup,5,0,enron_full_123239,verify,1996.400,1,0,39966,2558016
fuzzydedup,6,0,enron_full_123239,verify,2068.446,1,0,44568,2852736
fuzzydedup,4,0,enron_full_123239,verify,1580.697,1,0,34318,2196544
fuzzydedup,6,0,enron_full_127977,verify,6134.568,0,7,169255,10832320
fuzzydedup,4,0,enron_full_127977,verify,4600.573,0,5,120641,7721024
fuzzydedup,5,0,enron_full_127977,verify,5384.814,0,6,145606,9318784
fuzzydedup,4,0,enron_full_128084,verify,5655.157,0,5,121972,7806208
fuzzydedup,5,0,enron_full_128084,verify,5802.698,0,6,147636,9448704
fuzzydedup,6,0,enron_full_128084,verify,7121.578,0,7,172289,11026496
fuzzydedup,5,0,enron_full_138704,verify,2650.702,1,0,57425,3675392
fuzzydedup,6,0,enron_full_138704,verify,3128.188,1,0,64855,4150912
fuzzydedup,4,0,enron_full_138704,verify,2377.743,1,0,48867,3127680
fuzzydedup,6,0,enron_full_144326,verify,4278.042,1,0,91667,5866880
fuzzydedup,4,0,enron_full_144326,verify,3691.909,1,0,63462,4061760
fuzzydedup,5,0,enron_full_144326,verify,3864.061,1,0,77845,4982272
fuzzydedup,4,0,enron_full_145285,verify,3876.957,0,5,92244,5903616
fuzzydedup,5,0,enron_full_145285,verify,5612.544,0,6,113036,7234304
fuzzydedup,6,0,enron_full_145285,verify,5857.958,0,7,133357,8534848
fuzzydedup,5,0,enron_full_146406,verify,3291.454,1,0,73449,4700928
fuzzydedup,6,0,enron_full_146406,verify,3359.738,1,0,84131,5384576
fuzzydedup,4,0,enron_full_146406,verify,2760.847,1,0,61642,3945280
fuzzydedup,6,0,enron_full_149634,verify,668.217,1,0,8966,574016
fuzzydedup,4,0,enron_full_149634,verify,241.571,1,0,7701,493056
fuzzydedup,5,0,enron_full_149634,verify,247.924,1,0,8407,538240
fuzzydedup,4,0,enron_full_151578,verify,2397.105,0,5,68018,4353216
fuzzydedup,5,0,enron_full_151578,verify,3202.498,0,6,84314,5396288
fuzzydedup,6,0,enron_full_151578,verify,3809.694,0,7,100525,6433792
fuzzydedup,5,0,enron_full_151693,verify,3365.187,1,0,79913,5114624
fuzzydedup,6,0,enron_full_151693,verify,3922.167,1,0,93261,5968896
fuzzydedup,4,0,enron_full_151693,verify,3436.875,1,0,66091,4230016
fuzzydedup,6,0,enron_full_156900,verify,1619.620,1,0,38824,2484928
fuzzydedup,4,0,enron_full_156900,verify,1403.332,1,0,30739,1967488
fuzzydedup,5,0,enron_full_156900,verify,1588.593,1,0,35341,2262016
fuzzydedup,4,0,enron_full_165292,verify,5291.293,0,5,132999,8511936
fuzzydedup,5,0,enron_full_165292,verify,6541.736,0,6,159592,10213888
fuzzydedup,6,0,enron_full_165292,verify,7715.557,0,7,184939,11836096
fuzzydedup,5,0,enron_full_169439,verify,3430.116,1,0,69228,4431168
fuzzydedup,6,0,enron_full_169439,verify,3618.971,1,0,79910,5114816
fuzzydedup,4,0,enron_full_169439,verify,2990.748,1,0,57421,3675520
fuzzydedup,6,0,enron_full_175838,verify,4998.218,1,0,109172,6987392
fuzzydedup,4,0,enron_full_175838,verify,4181.830,1,0,79281,5074176
fuzzydedup,5,0,enron_full_175838,verify,4450.916,1,0,94789,6066688
fuzzydedup,4,0,enron_full_177787,verify,1955.398,0,5,35794,2290816
fuzzydedup,5,0,enron_full_177787,verify,2011.031,0,6,44800,2867200
fuzzydedup,6,0,enron_full_177787,verify,3011.346,0,7,54205,3469120
fuzzydedup,5,0,enron_full_191361,verify,5853.219,0,6,113036,7234304
fuzzydedup,6,0,enron_full_191361,verify,6289.012,0,7,133357,8534848
fuzzydedup,4,0,enron_full_191361,verify,4146.033,0,5,92244,5903616
fuzzydedup,6,0,enron_full_193990,verify,4544.752,1,0,78232,5007040
fuzzydedup,4,0,enron_full_193990,verify,2784.649,1,0,49323,3156864
fuzzydedup,5,0,enron_full_193990,verify,3065.716,1,0,63520,4065472
fuzzydedup,4,0,enron_full_197612,verify,3858.307,1,0,57789,3699328
fuzzydedup,5,0,enron_full_197612,verify,4082.427,1,0,73050,4676544
fuzzydedup,6,0,enron_full_197612,verify,4253.175,1,0,88811,5686400
fuzzydedup,5,0,enron_full_205154,verify,4474.043,1,0,86652,5545920
fuzzydedup,6,0,enron_full_205154,verify,5185.883,1,0,102185,6540032
fuzzydedup,4,0,enron_full_205154,verify,3857.399,1,0,70680,4523712
fuzzydedup,6,0,enron_full_219980,verify,618.078,1,0,9280,594112
fuzzydedup,4,0,enron_full_219980,verify,215.419,1,0,8015,513152
fuzzydedup,5,0,enron_full_219980,verify,221.349,1,0,8721,558336
fuzzydedup,4,0,enron_full_225533,verify,2408.457,0,5,50202,3212928
fuzzydedup,5,0,enron_full_225533,verify,3115.383,0,6,62674,4011136
fuzzydedup,6,0,enron_full_225533,verify,3228.332,0,7,75416,4826624
fuzzydedup,5,0,enron_full_228596,verify,4263.278,1,0,81916,5242816
fuzzydedup,6,0,enron_full_228596,verify,4483.103,1,0,97424,6235328
fuzzydedup,4,0,enron_full_228596,verify,3437.378,1,0,66383,4248704
fuzzydedup,6,0,enron_full_234345,verify,2826.243,1,0,60106,3846976
fuzzydedup,4,0,enron_full_234345,verify,2175.382,1,0,46454,2973248
fuzzydedup,5,0,enron_full_234345,verify,2328.819,1,0,53884,3448768
fuzzydedup,4,0,enron_full_235969,verify,2739.771,1,0,50188,3212224
fuzzydedup,5,0,enron_full_235969,verify,2810.819,1,0,64385,4120832
fuzzydedup,6,0,enron_full_235969,verify,3970.002,1,0,79097,5062400
fuzzydedup,5,0,enron_full_244329,verify,4072.895,0,6,103384,6616576
fuzzydedup,6,0,enron_full_244329,verify,5391.299,0,7,123332,7893248
fuzzydedup,4,0,enron_full_244329,verify,3539.529,0,5,84127,5384128
fuzzydedup,6,0,enron_full_249167,verify,4383.761,1,0,98049,6275328
fuzzydedup,4,0,enron_full_249167,verify,3133.256,1,0,65919,4219008
fuzzydedup,5,0,enron_full_249167,verify,4089.944,1,0,81830,5237312
fuzzydedup,4,0,enron_full_256248,verify,5210.980,0,5,121972,7806208
fuzzydedup,5,0,enron_full_256248,verify,5888.053,0,6,147636,9448704
fuzzydedup,6,0,enron_full_256248,verify,7073.540,0,7,172289,11026496
fuzzydedup,5,0,enron_full_258106,verify,2924.864,0,6,73355,4694720
fuzzydedup,6,0,enron_full_258106,verify,3504.863,0,7,88518,5665152
fuzzydedup,4,0,enron_full_258106,verify,2384.517,0,5,59159,3786176
fuzzydedup,6,0,enron_full_259410,verify,4626.478,1,0,96468,6174144
fuzzydedup,4,0,enron_full_259410,verify,3396.952,1,0,64089,4101888
fuzzydedup,5,0,enron_full_259410,verify,4255.236,1,0,80496,5151936
fuzzydedup,4,0,enron_full_259826,verify,5238.176,0,5,120641,7721024
fuzzydedup,5,0,enron_full_259826,verify,6246.340,0,6,145606,9318784
fuzzydedup,6,0,enron_full_259826,verify,7457.807,0,7,169255,10832320
fuzzydedup,5,0,enron_full_264620,verify,6694.687,0,6,139663,8938432
fuzzydedup,6,0,enron_full_264620,verify,7179.359,0,7,163334,10453376
fuzzydedup,4,0,enron_full_264620,verify,5170.663,0,5,115506,7392384
fuzzydedup,6,0,enron_full_270173,verify,7042.641,0,7,177736,11385600
fuzzydedup,4,0,enron_full_270173,verify,4925.147,0,5,127462,8158656
fuzzydedup,5,0,enron_full_270173,verify,6443.382,0,6,153267,9812928
fuzzydedup,4,0,enron_full_276316,verify,1357.091,1,0,23936,1532096
fuzzydedup,5,0,enron_full_276316,verify,1325.833,1,0,26884,1720768
fuzzydedup,6,0,enron_full_276316,verify,1362.853,1,0,29273,1873664
fuzzydedup,5,0,enron_full_276664,verify,4165.984,0,6,77432,4955648
fuzzydedup,6,0,enron_full_276664,verify,4377.392,0,7,92448,5916672
fuzzydedup,4,0,enron_full_276664,verify,3257.298,0,5,62545,4002880
fuzzydedup,6,0,enron_full_291334,verify,1589.646,1,0,28339,1813888
fuzzydedup,4,0,enron_full_291334,verify,1194.407,1,0,17199,1100928
fuzzydedup,5,0,enron_full_291334,verify,1266.168,1,0,22259,1424768
fuzzydedup,4,0,enron_full_294917,verify,2023.913,1,0,37906,2426176
fuzzydedup,5,0,enron_full_294917,verify,2024.678,1,0,43554,2787648
fuzzydedup,6,0,enron_full_294917,verify,2039.702,1,0,48156,3082176
fuzzydedup,5,0,enron_full_296374,verify,7257.745,0,6,154598,9894272
fuzzydedup,6,0,enron_full_296374,verify,7794.068,0,7,180015,11520960
fuzzydedup,4,0,enron_full_296374,verify,5966.522,0,5,128135,8200640
fuzzydedup,6,0,enron_full_297469,verify,1201.777,1,3,20871,1335936
fuzzydedup,4,0,enron_full_297469,verify,775.135,1,3,8017,513280
fuzzydedup,5,0,enron_full_297469,verify,948.808,1,3,14097,902400
fuzzydedup,4,0,enron_full_311295,verify,3519.933,1,0,71748,4592064
fuzzydedup,5,0,enron_full_311295,verify,4346.666,1,0,88155,5642112
fuzzydedup,6,0,enron_full_311295,verify,4616.519,1,0,104127,6664320
fuzzydedup,5,0,enron_full_312256,verify,2965.796,1,0,56020,3585472
fuzzydedup,6,0,enron_full_312256,verify,2674.950,1,0,62242,3983680
fuzzydedup,4,0,enron_full_312256,verify,2151.615,1,0,48590,3109952
fuzzydedup,6,0,enron_full_314206,verify,3155.698,1,0,68261,4368896
fuzzydedup,4,0,enron_full_314206,verify,2464.524,1,0,43238,2767424
fuzzydedup,5,0,enron_full_314206,verify,2467.062,1,0,54932,3515840
fuzzydedup,4,0,enron_full_321374,verify,3446.454,1,0,64292,4114880
fuzzydedup,5,0,enron_full_321374,verify,3701.546,1,0,80053,5123584
fuzzydedup,6,0,enron_full_321374,verify,4248.081,1,0,95964,6141888
fuzzydedup,5,0,enron_full_321667,verify,3385.138,1,0,78041,4994816
fuzzydedup,6,0,enron_full_321667,verify,3584.016,1,0,88723,5678464
fuzzydedup,4,0,enron_full_321667,verify,2986.917,1,0,66234,4239168
fuzzydedup,6,0,enron_full_339439,verify,7184.214,0,7,194644,12457216
fuzzydedup,4,0,enron_full_339439,verify,5481.879,0,5,139516,8929024
fuzzydedup,5,0,enron_full_339439,verify,6279.712,0,6,168125,10760000
fuzzydedup,4,0,enron_full_344327,verify,4707.882,0,5,120641,7721024
fuzzydedup,5,0,enron_full_344327,verify,5205.264,0,6,145606,9318784
fuzzydedup,6,0,enron_full_344327,verify,7249.800,0,7,169255,10832448
fuzzydedup,5,0,enron_full_356679,verify,3598.498,0,6,84314,5396096
fuzzydedup,6,0,enron_full_356679,verify,3836.561,0,7,100525,6433600
fuzzydedup,4,0,enron_full_356679,verify,2845.754,0,5,68018,4353152
fuzzydedup,6,0,enron_full_378588,verify,4887.385,1,0,84828,5429184
fuzzydedup,4,0,enron_full_378588,verify,3344.037,1,0,64560,4132032
fuzzydedup,5,0,enron_full_378588,verify,3161.144,1,0,75242,4815680
fuzzydedup,4,0,enron_full_382866,verify,871.184,1,0,14649,937728
fuzzydedup,5,0,enron_full_382866,verify,1000.776,1,0,18845,1206272
fuzzydedup,6,0,enron_full_382866,verify,1783.815,1,0,24081,1541376
fuzzydedup,5,0,enron_full_386568,verify,8075.471,0,6,122217,7821888
fuzzydedup,6,0,enron_full_386568,verify,7040.646,0,7,144058,9219712
fuzzydedup,4,0,enron_full_386568,verify,6039.682,0,5,100182,6411648
fuzzydedup,6,0,enron_full_390022,verify,1730.869,0,7,34498,2207872
fuzzydedup,4,0,enron_full_390022,verify,1623.095,0,5,22576,1444864
fuzzydedup,5,0,enron_full_390022,verify,1342.034,0,6,28110,1799040
fuzzydedup,4,0,enron_full_391907,verify,1985.295,1,0,32206,2061376
fuzzydedup,5,0,enron_full_391907,verify,1753.108,1,0,37854,2422848
fuzzydedup,6,0,enron_full_391907,verify,1919.905,1,0,42456,2717376
fuzzydedup,5,0,enron_full_391931,verify,2399.620,1,0,39395,2521472
fuzzydedup,6,0,enron_full_391931,verify,2617.460,1,0,49451,3165056
fuzzydedup,4,0,enron_full_391931,verify,1883.790,1,0,29950,1916992
fuzzydedup,6,0,enron_full_393813,verify,4707.513,1,0,102297,6547200
fuzzydedup,4,0,enron_full_393813,verify,3383.318,1,0,70167,4490880
fuzzydedup,5,0,enron_full_393813,verify,4002.454,1,0,86078,5509184
fuzzydedup,4,0,enron_full_401388,verify,2214.738,1,0,36471,2334336
fuzzydedup,5,0,enron_full_401388,verify,1990.133,1,0,42693,2732544
fuzzydedup,6,0,enron_full_401388,verify,2126.069,1,0,48341,3094016
fuzzydedup,5,0,enron_full_401839,verify,1925.715,0,6,39979,2558656
fuzzydedup,6,0,enron_full_401839,verify,1972.284,0,7,48503,3104192
fuzzydedup,4,0,enron_full_401839,verify,1501.279,0,5,31946,2044544
fuzzydedup,6,0,enron_full_411532,verify,4276.753,0,7,112816,7220224
fuzzydedup,4,0,enron_full_411532,verify,3559.465,0,5,75858,4854912
fuzzydedup,5,0,enron_full_411532,verify,3858.814,0,6,94423,6043072
fuzzydedup,4,0,enron_full_419882,verify,3051.792,0,5,69400,4441600
fuzzydedup,5,0,enron_full_419882,verify,3430.024,0,6,85290,5458560
fuzzydedup,6,0,enron_full_419882,verify,3828.545,0,7,102455,6557120
fuzzydedup,5,0,enron_full_424099,verify,2523.111,1,0,52981,3390976
fuzzydedup,6,0,enron_full_424099,verify,2556.569,1,0,59203,3789184
fuzzydedup,4,0,enron_full_424099,verify,2108.444,1,0,45551,2915456
fuzzydedup,6,0,enron_full_426658,verify,6247.047,0,7,133357,8534848
fuzzydedup,4,0,enron_full_426658,verify,3612.378,0,5,92244,5903616
fuzzydedup,5,0,enron_full_426658,verify,5338.421,0,6,113036,7234304
fuzzydedup,4,0,enron_full_431884,verify,2131.834,0,5,50866,3255424
fuzzydedup,5,0,enron_full_431884,verify,2483.297,0,6,63363,4055232
fuzzydedup,6,0,enron_full_431884,verify,2843.119,0,7,76712,4909568
fuzzydedup,5,0,enron_full_439264,verify,4458.861,1,0,91951,5885056
fuzzydedup,6,0,enron_full_439264,verify,4539.995,1,0,107923,6907264
fuzzydedup,4,0,enron_full_439264,verify,3381.813,1,0,75544,4835008
fuzzydedup,6,0,enron_full_444511,verify,4551.313,1,0,108980,6974912
fuzzydedup,4,0,enron_full_444511,verify,3595.322,1,0,77475,4958592
fuzzydedup,5,0,enron_full_444511,verify,3888.798,1,0,93447,5980800
fuzzydedup,4,0,enron_full_444753,verify,5563.461,0,5,140955,9021120
fuzzydedup,5,0,enron_full_444753,verify,6456.223,0,6,169489,10847296
fuzzydedup,6,0,enron_full_444753,verify,7368.217,0,7,197034,12610176
fuzzydedup,5,0,enron_full_457159,verify,407.231,1,0,4402,281920
fuzzydedup,6,0,enron_full_457159,verify,149.906,1,0,4677,299520
fuzzydedup,4,0,enron_full_457159,verify,126.869,1,0,4126,264256
fuzzydedup,6,0,enron_full_459028,verify,7286.370,0,7,180015,11520960
fuzzydedup,4,0,enron_full_459028,verify,5979.769,0,5,128135,8200640
fuzzydedup,5,0,enron_full_459028,verify,6850.106,0,6,154598,9894272
fuzzydedup,4,0,enron_full_479207,verify,1958.812,1,0,35627,2280320
fuzzydedup,5,0,enron_full_479207,verify,1871.091,1,0,41275,2641792
fuzzydedup,6,0,enron_full_479207,verify,1891.632,1,0,45877,2936320
fuzzydedup,5,0,enron_full_495833,verify,6097.723,0,6,159592,10213888
fuzzydedup,6,0,enron_full_495833,verify,6667.858,0,7,184939,11836096
fuzzydedup,4,0,enron_full_495833,verify,5160.787,0,5,132999,8511936
fuzzydedup,6,0,enron_full_511669,verify,5420.449,0,7,148499,9504512
fuzzydedup,4,0,enron_full_511669,verify,3957.920,0,5,105124,6727936
fuzzydedup,5,0,enron_full_511669,verify,4418.968,0,6,126879,8120576
fuzzydedup,4,0,enron_full_516251,verify,146.856,0,5,1920,122880
fuzzydedup,5,0,enron_full_516251,verify,97.501,0,6,2411,154304
fuzzydedup,6,0,enron_full_516251,verify,78.491,0,7,2934,187776
