strategy,query_id,type,repeat,latency_us,candidate_count,filter_queries,inverted_lookups,posting_records_read,full_tag_distance_computations
prefuzz,enron_full_009658,text,0,4,0,7,0,0,0
prefuzz,enron_full_010653,text,0,107,1,7,7,7,1
prefuzz,enron_full_011218,text,0,99,2,7,7,14,2
prefuzz,enron_full_025369,text,0,3,0,7,0,0,0
prefuzz,enron_full_027509,text,0,120,4,7,7,28,4
prefuzz,enron_full_033704,text,0,3,0,7,0,0,0
prefuzz,enron_full_034404,text,0,3,0,7,0,0,0
prefuzz,enron_full_034807,text,0,23,0,7,1,1,1
prefuzz,enron_full_039254,text,0,3,0,7,0,0,0
prefuzz,enron_full_039322,text,0,3,0,7,0,0,0
prefuzz,enron_full_046393,text,0,3,0,7,0,0,0
prefuzz,enron_full_049561,text,0,3,0,7,0,0,0
prefuzz,enron_full_053673,text,0,3,0,7,0,0,0
prefuzz,enron_full_058759,text,0,95,1,7,7,7,1
prefuzz,enron_full_059101,text,0,79,1,7,7,7,1
prefuzz,enron_full_067415,text,0,85,1,7,7,7,1
prefuzz,enron_full_068105,text,0,3,0,7,0,0,0
prefuzz,enron_full_078293,text,0,2,0,7,0,0,0
prefuzz,enron_full_080461,text,0,80,1,7,7,7,1
prefuzz,enron_full_080546,text,0,3,0,7,0,0,0
prefuzz,enron_full_081120,text,0,110,1,7,7,7,1
prefuzz,enron_full_084438,text,0,3,0,7,0,0,0
prefuzz,enron_full_088649,text,0,116,3,7,7,21,3
prefuzz,enron_full_096500,text,0,92,1,7,7,7,1
prefuzz,enron_full_098576,text,0,133,4,7,7,28,4
prefuzz,enron_full_101177,text,0,110,2,7,7,14,2
prefuzz,enron_full_106973,text,0,95,2,7,7,14,2
prefuzz,enron_full_109757,text,0,3,0,7,0,0,0
prefuzz,enron_full_110469,text,0,89,2,7,7,14,2
prefuzz,enron_full_111900,text,0,2,0,7,0,0,0
prefuzz,enron_full_115573,text,0,94,3,7,7,21,3
prefuzz,enron_full_123239,text,0,83,2,7,7,14,2
prefuzz,enron_full_127977,text,0,3,0,7,0,0,0
prefuzz,enron_full_128084,text,0,3,0,7,0,0,0
prefuzz,enron_full_138704,text,0,97,3,7,7,21,3
prefuzz,enron_full_144326,text,0,266,21,7,7,147,21
prefuzz,enron_full_145285,text,0,3,0,7,0,0,0
prefuzz,enron_full_146406,text,0,82,2,7,7,14,2
prefuzz,enron_full_149634,text,0,78,1,7,7,7,1
prefuzz,enron_full_151578,text,0,18,0,7,1,1,1
prefuzz,enron_full_151693,text,0,95,3,7,7,21,3
prefuzz,enron_full_156900,text,0,148,9,7,7,47,9
prefuzz,enron_full_165292,text,0,2,0,7,0,0,0
prefuzz,enron_full_169439,text,0,299,25,7,7,177,27
prefuzz,enron_full_175838,text,0,114,3,7,7,27,6
prefuzz,enron_full_177787,text,0,2,0,7,0,0,0
prefuzz,enron_full_191361,text,0,2,0,7,0,0,0
prefuzz,enron_full_193990,text,0,67,1,7,7,7,1
prefuzz,enron_full_197612,text,0,182,1,7,7,23,17
prefuzz,enron_full_205154,text,0,91,1,7,7,7,1
prefuzz,enron_full_219980,text,0,85,2,7,7,14,2
prefuzz,enron_full_225533,text,0,10,0,7,1,0,0
prefuzz,enron_full_228596,text,0,122,5,7,7,35,5
prefuzz,enron_full_234345,text,0,93,3,7,7,21,3
prefuzz,enron_full_235969,text,0,98,3,7,7,21,3
prefuzz,enron_full_244329,text,0,3,0,7,0,0,0
prefuzz,enron_full_249167,text,0,101,4,7,7,28,4
prefuzz,enron_full_256248,text,0,19,0,7,0,0,0
prefuzz,enron_full_258106,text,0,3,0,7,0,0,0
prefuzz,enron_full_259410,text,0,142,6,7,7,42,6
prefuzz,enron_full_259826,text,0,3,0,7,0,0,0
prefuzz,enron_full_264620,text,0,3,0,7,0,0,0
prefuzz,enron_full_270173,text,0,295,0,7,4,38,38
prefuzz,enron_full_276316,text,0,92,2,7,7,14,2
prefuzz,enron_full_276664,text,0,2,0,7,0,0,0
prefuzz,enron_full_291334,text,0,113,2,7,7,14,2
prefuzz,enron_full_294917,text,0,104,3,7,7,21,3
prefuzz,enron_full_296374,text,0,3,0,7,0,0,0
prefuzz,enron_full_297469,text,0,70,1,7,5,7,2
prefuzz,enron_full_311295,text,0,96,2,7,7,14,2
prefuzz,enron_full_312256,text,0,91,2,7,7,14,2
prefuzz,enron_full_314206,text,0,85,1,7,7,7,1
prefuzz,enron_full_321374,text,0,109,3,7,7,21,3
prefuzz,enron_full_321667,text,0,87,2,7,7,14,2
prefuzz,enron_full_339439,text,0,3,0,7,0,0,0
prefuzz,enron_full_344327,text,0,42,0,7,2,4,2
prefuzz,enron_full_356679,text,0,3,0,7,0,0,0
prefuzz,enron_full_378588,text,0,97,2,7,7,14,2
prefuzz,enron_full_382866,text,0,82,1,7,7,7,1
prefuzz,enron_full_386568,text,0,3,0,7,0,0,0
prefuzz,enron_full_390022,text,0,21,0,7,1,1,1
prefuzz,enron_full_391907,text,0,152,7,7,7,49,7
prefuzz,enron_full_391931,text,0,158,8,7,7,56,8
prefuzz,enron_full_393813,text,0,84,1,7,7,7,1
prefuzz,enron_full_401388,text,0,187,11,7,7,77,11
prefuzz,enron_full_401839,text,0,3,0,7,0,0,0
prefuzz,enron_full_411532,text,0,3,0,7,0,0,0
prefuzz,enron_full_419882,text,0,41,0,7,2,4,2
prefuzz,enron_full_424099,text,0,95,2,7,7,14,2
prefuzz,enron_full_426658,text,0,3,0,7,0,0,0
prefuzz,enron_full_431884,text,0,12,0,7,1,0,0
prefuzz,enron_full_439264,text,0,119,3,7,7,21,3
prefuzz,enron_full_444511,text,0,94,2,7,7,14,2
prefuzz,enron_full_444753,text,0,3,0,7,0,0,0
prefuzz,enron_full_457159,text,0,89,1,7,7,7,1
prefuzz,enron_full_459028,text,0,2,0,7,0,0,0
prefuzz,enron_full_479207,text,0,97,2,7,7,14,2
prefuzz,enron_full_495833,text,0,3,0,7,0,0,0
prefuzz,enron_full_511669,text,0,32,0,7,1,2,2
prefuzz,enron_full_516251,text,0,3,0,7,0,0,0
